sub_id	moral_decision	RT	trial_type	vigtext	vigtext_dutch	cond_id	vig_id
sub-24	4.0	4.616389899999831	sanctity	You see a teenage male in a dorm bathroom secretly using a stranger's toothbrush.	U ziet een tienerjongen in een gedeelde badkamer stiekem de tandenborstel van een vreemde gebruiken.	sanctity06	95
sub-24	1.0	7.219700299999658	sanctity	You see a very drunk woman making out with multiple strangers on the city bus.	U ziet een erg dronken vrouw zoenen met meerdere vreemden in de stadsbus.	sanctity14	103
sub-24	3.0	5.712930000000142	care_physical	You see a man lashing his pony with a whip for breaking loose from its pen.	U ziet een man zijn paard slaan met een zweep voor het losbreken uit zijn weide.	care_physical05	34
sub-24	4.0	3.3837094000000434	sanctity	You see a man searching through the trash to find women's discarded underwear.	U ziet een man in de vuilnisbak zoeken naar weggegooid damesondergoed.	sanctity12	101
sub-24	4.0	6.298091799999838	care_physical	You see a woman spanking her child with a spatula for getting bad grades in school.	U ziet een vrouw die haar kind een pak slaag geeft met een spatel vanwege slechte cijfers op school.	care_physical14	43
sub-24	3.0	4.325486100000035	authority	You see a group of women having a long and loud conversation during a church sermon.	U ziet een groep vrouwen een lang en luid gesprek voeren tijdens een kerkdienst.	authority12	11
sub-24	1.0	2.239555999999993	social_norms	You see a teenage girl wearing a long trench coat on a hot summer afternoon.	U ziet een tienermeisje in een lange jas op een hete zomermiddag.	social_norms14	118
sub-24	3.0	5.399799299999813	care_physical	You see a girl throwing her hot coffee on a woman who is dating her ex-boyfriend.	U ziet een meisje haar hete koffie gooien naar een vrouw die aan het daten is met haar ex-vriendje.	care_physical10	39
sub-24	1.0	3.482808599999771	social_norms	You see a woman eating dessert before her main entree arrives on the table.	U ziet een vrouw een toetje eten voordat haar hoofdgerecht op tafel komt.	social_norms04	108
sub-24	2.0	7.5913544	loyalty	You see a former US General saying publicly he would never buy any American product.	U ziet een voormalig Nederlandse generaal die publiekelijk zegt dat hij nooit een Nederlands product zou kopen.	loyalty03	77
sub-24	3.0	5.208018399999673	sanctity	You see a man having sex with a frozen chicken before cooking it for dinner.	U ziet een man seks hebben met een bevroren kip voordat hij het voor het avondeten kookt.	sanctity01	90
sub-24	2.0	4.974472000000333	authority	You see a teenage girl coming home late and ignoring her parents' strict curfew.	U ziet een tienermeisje laat thuiskomen en de strikte avondklok van haar ouders negeren.	authority05	4
sub-24	4.0	6.827071799999885	liberty	You see a man blocking his wife from leaving home or interacting with others.	U ziet een man die zijn vrouw blokkeert om het huis uit te gaan of om met anderen om te gaan.	liberty03	62
sub-24	3.0	6.493997400000353	fairness	You see a girl taking all the Halloween candy from a bowl, leaving none for others.	U ziet een meisje alle Sint Maarten-snoepjes uit een kom halen en niets voor anderen achterlaten.	fairness11	55
sub-24	3.0	3.805191599999944	sanctity	You see two first cousins getting married to each other in an elaborate wedding.	U ziet een neef en nicht met elkaar trouwen in een uitgebreide bruiloft.	sanctity13	102
sub-24	4.0	4.976952600000004	liberty	You see a mother telling her son that she is going to choose all of his friends.	U ziet een moeder die haar zoon vertelt dat ze al zijn vrienden gaat kiezen.	liberty06	65
sub-24	1.0	4.054365499999676	social_norms	You see a woman drinking her entire cup of coffee using a stirring spoon.	U ziet een vrouw haar hele kopje koffie drinken met een roerlepel.	social_norms03	107
sub-24	4.0	7.356442599999809	fairness	You see a girl asking for allowance even though her brother did her chores for her.	U ziet een meisje om een geldbeloning vragen terwijl haar broer haar klusjes voor haar deed.	fairness10	54
sub-24	4.0	3.074191299999711	care_physical	You see a boy placing a thumbtack sticking up on the chair of another student.	U ziet een jongen een punaise op de stoel van een andere leerling plaatsen.	care_physical11	40
sub-24	4.0	3.82711960000006	care_emotional	You see a man loudly telling his wife that the dinner she cooked tastes awful.	U ziet een man met verheven stem tegen zijn vrouw zeggen dat het avondeten dat ze kookte vreselijk smaakt.	care_emotional10	24
sub-24	4.0	3.699686300000394	fairness	You see a professor giving a bad grade to a student just because he dislikes him.	U ziet een professor een slecht cijfer geven aan een student alleen omdat hij een hekel aan hem heeft.	fairness14	58
sub-24	3.0	4.824407499999779	fairness	You see a boy skipping to the front of the line because his friend is an employee.	U ziet een jongen vooraan in de rij stappen omdat zijn vriend een werknemer is.	fairness12	56
sub-24	4.0	4.239628300000277	liberty	You see a woman pressuring her daughter to become a famous evening news anchor.	U ziet een vrouw die haar dochter onder druk zet om een beroemd avondnieuwslezer te worden.	liberty09	68
sub-24	1.0	5.03154799999993	social_norms	You see a man eating a bowl of cereal in the morning with water instead of milk.	U ziet een man ’s ochtends een kom ontbijtgranen eten met water in plaats van melk.	social_norms07	111
sub-24	3.0	6.829240799999752	authority	You see a staff member talking loudly and interrupting the mayor's speech to the public.	U ziet een medewerker luid praten en de toespraak van de burgemeester onderbreken.	authority11	10
sub-24	3.0	7.305970800000068	loyalty	You see the coach's wife sponsoring a bake sale for her husband's rival team.	U ziet de vrouw van de coach een koekjes verkoop sponsoren voor het rivaliserende team van haar man.	loyalty13	87
sub-24	4.0	6.556186700000126	care_emotional	You see a boy making fun of his brother for getting dumped by his girlfriend.	U ziet een jongen die zijn broer uitlacht omdat hij gedumpt is door zijn vriendin.	care_emotional09	23
sub-24	4.0	4.046356699999706	care_emotional	You see a boy telling a woman that she looks just like her overweight bulldog.	U ziet een jongen tegen een vrouw zeggen dat ze precies op haar buldog met overgewicht lijkt.	care_emotional05	19
sub-24	2.0	5.808907199999794	authority	You see a player publicly yelling at his soccer coach during a playoff game.	U ziet een speler publiekelijk schreeuwen tegen zijn voetbalcoach tijdens een playoff-wedstrijd.	authority08	7
sub-24	1.0	6.188207299999704	loyalty	You see an employee joking with competitors about how bad his company did last year.	U ziet een werknemer grappen maken met concurrenten over hoe slecht zijn bedrijf het vorig jaar heeft gedaan.	loyalty01	75
sub-24	1.0	7.876205600000048	loyalty	You see a Hollywood star agreeing with a foreign dictator's denunciation of the US.	U ziet een filmster instemmen met de aanklacht tegen Nederland door een buitenlandse dictator.	loyalty10	84
sub-24	4.0	5.78201560000025	liberty	You see a man telling his girlfriend that she must convert to his religion.	U ziet een man tegen zijn vriendin zeggen dat ze zich tot zijn religie moet bekeren.	liberty05	64
sub-24	4.0	4.466164599999956	care_physical	You see a wife hitting her husband on the side of his head for coming home late.	U ziet een vrouw haar man op de zijkant van zijn hoofd slaan omdat hij laat thuiskomt.	care_physical15	44
sub-24	3.0	4.809249100000216	care_emotional	You see a girl laughing at another student forgetting her lines at a school play.	U ziet een meisje lachen om een andere student die haar tekst vergeet bij een schooltoneelstuk.	care_emotional02	16
sub-24	4.0	4.582176299999901	care_emotional	You see a man quickly canceling a blind date as soon as he sees the woman.	U ziet een man snel een blind date afzeggen zodra hij de vrouw ziet.	care_emotional04	18
sub-24	3.0	7.162082499999997	fairness	You see a soccer player pretending to be seriously fouled by an opposing player.	U ziet een voetbalspeler doen alsof hij ernstig is pijn gedaan door een tegenstander.	fairness04	48
sub-24	4.0	6.021476400000211	liberty	You see a boss pressuring employees to buy goods from her family's general store.	U ziet een baas die werknemers onder druk zet om spullen te kopen in haar familiewinkel.	liberty08	67
sub-24	1.0	4.374646899999789	social_norms	You see a woman answering a phone call with the word goodbye instead of hello.	U ziet een vrouw die een telefoontje opneemt met het woord ‘tot ziens’ inplaats van ‘hallo’.	social_norms15	119
sub-24	1.0	7.056223699999919	loyalty	You see a class president saying on TV that her rival college is a better school.	U ziet een klassenvertegenwoordiger op tv zeggen dat haar rivaliserende middelbare school een betere school is.	loyalty09	83
sub-24	2.0	4.408905300000242	authority	You see a boy spray-painting anarchy symbols on the side of the police station.	U ziet een jongen anarchie symbolen verfspuiten aan de zijkant van het politiebureau.	authority06	5
