trans_x	trans_y	trans_z	rot_x	rot_y	rot_z	dvars_std	dvars_nstd	dvars_vstd	framewise_displacement	aqi	aor
0.0	-0.0	0.0	-0.0	0.0	-0.0	n/a	n/a	n/a	n/a	0.0209795	0.00078
0.0408	0.0105	-0.0368	-2.6179938779914945e-05	-0.00012217304763960306	0.0005794493116621174	1.05922294	28.91678619	0.96106667	0.12449011490408178	0.0207445	0.00069
0.0518	-0.0708	-0.0389	0.000593411945678072	-0.00039095375244672985	0.000450294947014537	1.08816516	29.70690918	1.01152132	0.1452763476956347	0.0229685	0.00147
0.0511	-0.0253	-0.0073	0.0006911503837897545	-0.0003665191429188092	0.00035430183815484887	1.06569362	29.09343338	0.99247392	0.08870830782496458	0.0229501	0.00123
0.047	0.0353	-0.0441	0.00039793506945470715	0.00016231562043547262	0.0005794493116621174	1.02957225	28.10732269	0.94907685	0.15385987755982988	0.0233667	0.0015
0.0444	0.0259	-0.0804	0.0006213372137099814	-8.203047484373349e-05	0.0004537856055185257	1.02942741	28.10336876	0.91998197	0.07797059728390358	0.0246066	0.00201
0.0411	-0.0285	-0.0664	0.0009913470151327792	-0.0003054326190990077	0.00017627825445142725	1.07459378	29.33641052	1.02284164	0.11524596483725852	0.0250577	0.00187
0.0437	0.0042	-0.0629	0.0011623892818282235	-0.00030368728984701333	0.0002530727415391778	1.09684455	29.94385529	0.97956719	0.05127910415175947	0.0274312	0.00259
0.0237	-0.0253	-0.0686	0.0006370451769779302	0.00018500490071139895	0.0005026548245743669	1.13589883	31.01003838	0.98027899	0.11838091892219473	0.0243347	0.00195
-0.0055	0.0301	-0.0982	0.0007330382858376184	0.0007452555906015787	0.00026878070480712676	1.07103586	29.23927879	0.95621822	0.1587058959258554	0.0269136	0.00265
-0.0077	-0.0045	-0.0761	0.0005323254218582705	0.0007557275661135446	0.0001658062789394613	1.21146059	33.07287216	0.99872226	0.07460796326794894	0.0265714	0.00264
-0.0	-0.0153	-0.0831	0.000450294947014537	0.0008255407361933179	0.00020943951023931956	1.18735409	32.4147644	1.0002167	0.03527384381116826	0.0242733	0.00205
0.0026	0.0844	-0.0718	0.0008709192967451704	0.000853466004225227	0.0002600540585471551	1.10406673	30.14101982	0.99531871	0.13855820830351892	0.0274755	0.00265
0.0056	0.0551	-0.0483	0.0004747295565424576	0.0009232791743050004	0.000445058959258554	0.98834938	26.98193741	0.94394315	0.08835039054969425	0.0245703	0.00187
0.0052	0.0635	-0.0933	0.0005707226654021458	0.0008970992355250854	0.0007853981633974483	0.99370503	27.12814713	0.95936308	0.07692561258892484	0.0270053	0.00223
0.001	-0.0738	-0.1204	0.0005846852994181004	0.0007679448708775049	0.0005113814708343385	1.12127841	30.61089897	1.12171217	0.18945668456133233	0.0243777	0.00213
0.0064	-0.0237	-0.1005	0.0013386675362796509	0.00031415926535897925	0.00028274333882308137	1.08298719	29.56554985	1.05079837	0.14722029871956668	0.0275795	0.00307
0.006	0.0349	-0.1173	0.0019250981649497454	0.00018500490071139895	5.235987755982989e-05	1.11900258	30.548769	0.97390937	0.1230984227290463	0.0307069	0.00487
0.0036	0.1445	-0.1405	0.0019163715186897737	0.00013264502315156904	0.000291469985083053	1.14262128	31.19356155	1.00238796	0.15020983156715123	0.0351471	0.00615
0.0049	0.064	-0.1516	0.0022444934180647076	-0.00010995574287564276	8.028514559173915e-05	1.03429723	28.23631477	0.96250687	0.13199537524467295	0.0336964	0.00628
-0.0027	0.0354	-0.1318	0.0024731315500759648	-0.00016929693744344995	-0.0001291543646475804	1.09867179	29.99374008	0.94497536	0.08087094184091921	0.0336716	0.00651
-0.003	0.061	-0.1182	0.002457423586808016	1.3962634015954635e-05	5.235987755982988e-06	1.10892165	30.27355957	0.92793329	0.05616789435654583	0.0341023	0.00643
-0.0076	0.0826	-0.1238	0.002143264321449037	9.250245035569947e-05	0.0002024581932313422	1.19477928	32.6174736	0.98216976	0.06129606435870416	0.0344175	0.00615
-0.0068	0.0829	-0.1336	0.002408554367752175	-2.268928027592628e-05	4.18879020478639e-05	1.11123824	30.33680153	0.9688165	0.0379526034059121	0.0361361	0.00709
-0.0031	0.0272	-0.1066	0.002380629099720265	-0.00014660765716752367	1.7453292519943294e-06	1.20281816	32.83693314	0.97531654	0.09599931088596883	0.0329898	0.00582
-0.0026	0.0909	-0.0778	0.0015166911199830724	1.7453292519943294e-06	0.0002513274122871834	1.14381945	31.22626877	1.00112559	0.156093652459595	0.030439	0.00379
-0.0022	0.0754	-0.0852	0.0010175269539126942	0.00011344640137963142	0.00042760566673861073	1.01917791	27.82355499	0.9399049	0.06265717463247214	0.0273383	0.00285
-0.0025	0.0006	-0.0826	0.0011728612573401894	-0.0001658062789394613	0.00024609142453120044	1.0772084	29.40778923	0.98147297	0.10850506129769988	0.0268654	0.00322
0.0052	0.0347	-0.0757	0.0011222467090323538	-0.00020420352248333657	0.0002199114857512855	1.06323159	29.02622223	0.9416256	0.05445958653158129	0.028275	0.00345
-0.0031	0.0482	-0.0923	0.0005218534463463045	0.0004310963252425994	0.0005672320068981572	1.14232278	31.18540955	1.00163185	0.11755068157794282	0.0269715	0.00222
-0.0055	0.033	-0.0902	0.00046425758103049166	0.0003298672286269283	0.0004956735075663896	1.07604456	29.37601471	0.9709885	0.031219173063162565	0.0250725	0.00175
-0.0031	0.0229	-0.0595	0.0008272860654453122	-0.00022863813201125715	9.075712110370512e-05	1.10618711	30.19890594	0.96731345	0.10952251157578452	0.026322	0.00204
-0.0075	-0.0298	-0.0247	0.0009564404300928925	-0.0005305800926062762	-4.537856055185256e-05	1.15099168	31.42207336	0.97746548	0.12026160034490783	0.026713	0.00166
-0.0134	0.0255	-0.0576	0.00046949356878647465	-0.00010995574287564276	0.0001832595714594046	1.08969986	29.748806	0.98344513	0.15091046715241543	0.0250781	0.0012
-0.0097	-0.0236	-0.0718	0.0004974188368183839	-0.00034033920413889426	4.71238898038469e-05	1.03350627	28.21472168	0.95303688	0.08672222054753592	0.0233331	0.00111
-0.0054	-0.0285	-0.0477	0.0008377580409572782	-0.00041189770347066176	-5.4105206811824215e-05	1.06873691	29.17651558	0.94919071	0.05895634000431665	0.0241581	0.00127
-0.0042	0.0118	-0.0296	0.000598647933434055	-0.00048171087355043494	0.00010471975511965978	1.15081012	31.41711426	0.96682535	0.08298741197672403	0.024834	0.00118
0.0018	0.0047	-0.0177	6.632251157578452e-05	-0.0003665191429188092	0.0003944444109507184	1.19877994	32.7266922	0.98886976	0.07186209041604776	0.0223461	0.00067
0.0069	0.0768	-0.052	0.00022689280275926284	-0.00046425758103049166	0.00024085543677521747	1.15536857	31.54156113	0.98989678	0.13209488517353307	0.0244617	0.00139
0.0072	-0.0795	0.0025	0.000307177948351002	-0.0005881759579220891	1.5707963267948964e-05	1.297387	35.41866302	1.07589976	0.23256754979953023	0.0216041	0.00079
0.0066	-0.0594	0.033	-0.0009162978572970229	-0.0002251474735072685	0.00033684854563490564	1.12257111	30.64619064	1.01240635	0.1465822436214901	0.0169622	0.0003
0.0027	-0.0854	0.0109	-0.0006702064327658224	-0.00014137166941154068	0.0004799655442984406	1.16676772	31.85275841	0.95138493	0.07564921136452318	0.0176814	0.00042
0.0099	0.0146	-0.0359	-0.0010960667702524388	-0.0001605702911834783	0.0005375614096142535	1.29474115	35.34643173	1.03156237	0.17913274122871836	0.0188658	0.00063
0.0143	-0.0745	-0.0098	-0.0005235987755982988	-0.0004939281783143952	0.00038571776469074686	1.24227893	33.91421509	1.01058425	0.17248347633542815	0.0194552	0.00049
0.0159	-0.0232	0.02	-0.00011693705988362007	-0.000577703982410123	0.0003089232776029963	1.27178884	34.71983337	0.9777052	0.11106160034490783	0.0202054	0.00064
0.0066	-0.0382	0.0132	-0.0003577924966588376	-0.0001884955592153876	0.0003647738136668148	1.1051321	30.17010498	0.98218658	0.06539571980168857	0.0210893	0.00057
-0.011	0.0167	0.0228	-0.0007330382858376184	0.0003298672286269283	0.0004433136300065597	1.11134017	30.33958626	0.96578282	0.13070741966804209	0.0187753	0.00064
-0.0131	-0.012	-0.0859	-0.00024609142453120044	2.96705972839036e-05	0.001324704902263696	1.24290478	33.93130112	1.0653659	0.22292673824532896	0.0222733	0.00139
-0.0193	-0.0866	-0.0531	-0.0009948376736367678	-1.3962634015954635e-05	0.0006667157742618339	1.2434752	33.94687271	1.01126814	0.1861184304203644	0.01872	0.00102
-0.0194	-0.0508	0.0154	-0.0009250245035569946	0.0001291543646475804	0.0006370451769779302	1.22656119	33.48511887	1.10772765	0.1165300383013606	0.020486	0.00082
-0.0171	-0.0582	0.0219	-0.0007853981633974483	9.075712110370512e-05	0.000710349005561692	1.23004436	33.58021164	1.0689439	0.02876637061435917	0.0170623	0.0003
-0.0152	0.0384	-0.025	-0.000710349005561692	2.6179938779914945e-05	0.001075122819228507	1.15904784	31.64200401	1.03275002	0.17062000769131805	0.0212011	0.00076
-0.0608	-0.0924	0.107	-0.0005061454830783556	0.0010611601852125523	0.0012130038301360591	1.27201879	34.72611237	1.19351207	0.37725323899117624	0.021031	0.00085
-0.0703	-0.0494	0.0734	-0.0005183627878423159	0.0011606439525762293	0.0007225663103256524	1.12708843	30.76951408	1.06396424	0.11620692959690218	0.0208481	0.00078
-0.0484	-0.0344	-0.1654	-0.002015855286053451	0.0010960667702524388	0.0008639379797371932	1.52761829	41.70397949	1.3868383	0.36087206749732326	0.0203584	0.00097
-0.0313	-0.0598	-0.0841	-0.0022165681500327986	0.0010192722831646884	0.0006876597252857658	1.19731283	32.68663788	1.05725699	0.14648928027592625	0.0156245	0.00037
-0.029	-0.0668	0.009	-0.0023457225146803788	0.0008726646259971648	0.0004799655442984406	1.28590834	35.10529709	1.04151845	0.12657281014012145	0.0143474	0.00016
-0.0218	-0.0513	0.0128	-0.00210835773640915	0.0006841690667817771	0.00038048177693476387	1.22865486	33.54227829	0.9746706	0.052767205242514645	0.0138587	0.00021
-0.019	-0.0442	-0.0315	-0.0031956978604016175	0.0007958701389094143	0.0005096361415823442	1.12846041	30.80696869	0.98658039	0.12060977803838424	0.0125254	0.0001
-0.0154	-0.0691	-0.0463	-0.0039898226700590365	0.0012060225131280816	0.0006998770300497262	1.05071032	28.68439102	0.93285451	0.11302590361717342	0.0122245	0.00013
-0.0114	-0.0522	-0.0177	-0.003981096023799066	0.0010873401239924673	0.0005602506898901797	1.13842297	31.07894516	0.95136882	0.06285176877775656	0.0128559	0.00045
-0.0092	-0.0532	0.0175	-0.00364424747816416	0.0008185594191853405	0.0005794493116621174	1.30296147	35.57084656	1.03127211	0.06964139361069853	0.0130758	0.00019
-0.006	-0.0845	0.0345	-0.0034295719801688577	0.0006876597252857658	0.0005270894341022875	1.24446833	33.97398376	1.00684166	0.07139675347273536	0.0119307	0.00022
-0.0091	-0.0478	0.0346	-0.003157300616857742	0.0005497787143782138	0.0003647738136668148	1.16833365	31.89550781	0.97589085	0.06852339973270702	0.0122177	0.00015
-0.0124	-0.0506	0.0372	-0.003342305517569141	0.0006998770300497262	0.0003717551306747922	1.05108285	28.694561	0.92571538	0.02580422666954444	0.0120327	0.00013
-0.0155	-0.0655	0.0356	-0.0036180675393842456	0.0008499753457212384	0.000486946861306418	1.13879013	31.08897018	0.93612095	0.04665260340591213	0.01192	0.00013
-0.014	-0.1035	0.0491	-0.0034871678454846703	0.0007086036763096977	0.0004799655442984406	1.18894517	32.45820236	0.95883863	0.06696263401595466	0.0139193	0.00012
-0.0059	-0.1047	0.0709	-0.003467969223712733	0.0005113814708343385	0.0003665191429188092	1.20948958	33.01906586	0.95899337	0.04759336143134642	0.0148207	0.00034
-0.0106	-0.1528	0.0828	-0.0032777283352453507	0.00039269908169872416	0.00030194196059501896	1.21131825	33.0689888	0.97980383	0.08337502299633931	0.0135378	0.00015
-0.017	-0.0878	0.0472	-0.0036477381366681488	0.0009634217471008699	0.00048345620280242926	1.10670304	30.21299362	0.9958442	0.16311233545161768	0.0120524	0.00021
-0.0218	-0.1134	0.0295	-0.003581415625092364	0.0007435102613495844	0.00028797932657906436	1.02813268	28.06802177	0.93644992	0.07218554367752177	0.0126141	0.00018
-0.0178	-0.038	0.0445	-0.003455751918948773	0.000486946861306418	0.00015184364492350666	1.16749966	31.87273979	1.0269206	0.12031813939211573	0.014564	0.00039
-0.0161	-0.1282	0.0674	-0.0033178709080412204	0.0005218534463463045	0.00022689280275926284	1.33562028	36.46243286	1.1442047	0.1271918376891598	0.014098	0.00019
-0.008	-0.08	0.0861	-0.003127630019573839	0.0003385938748868999	0.0001884955592153876	1.27246082	34.73817825	1.08229324	0.09559488517353308	0.0135803	0.00015
-0.0089	-0.0252	0.08	-0.003555235686312449	0.0004572762640225143	0.00042236967898262774	1.21193624	33.08585739	1.0388457	0.10080810878207325	0.011786	0.0001
-0.0065	-0.0824	0.0595	-0.0038885935734433662	0.0009389871375729493	0.000640535835481919	1.0418303	28.44196701	0.9406884	0.1317617458590322	0.0104455	0.00015
0.0013	-0.0622	0.0369	-0.003555235686312449	0.0006056292504420323	0.0005707226654021458	1.2131542	33.11911011	0.96226716	0.08742644721708037	0.0108945	0.0001
0.0029	-0.1576	0.0678	-0.0034033920413889425	0.0005323254218582705	0.0004380776422505767	1.25289464	34.20402145	0.99278977	0.14578962483294186	0.0115323	0.00012
0.0075	-0.0772	0.0812	-0.00325329372571743	0.000158824961931484	0.0005305800926062762	1.26556122	34.54981995	1.0102769	0.1292050612976999	0.0119039	0.00022
0.0109	-0.1317	0.0328	-0.002131047016685076	0.0006178465552059926	0.0006981317007977319	1.21600914	33.19704819	1.09749564	0.19374099552491592	0.0142323	0.00081
0.0187	-0.0834	0.0371	-0.0017540558982543013	0.0018797196043978928	0.00124965574442794	1.25850463	34.35717392	1.06704472	0.1699194105626442	0.0178276	0.00082
0.0146	-0.0236	0.0032	-0.0024399702942880727	0.0018168877513260971	0.001155407964820246	1.21893299	33.27687073	1.05575406	0.13994970143566307	0.0149925	0.00027
0.0217	-0.0632	0.0674	-0.003298672286269283	0.0012269664641520136	0.001165879940332212	1.22091866	33.33107758	1.02839775	0.18385476273336296	0.0124879	0.00031
0.016	-0.0001	0.0129	-0.0018500490071139892	0.001377064779823526	0.0008709192967451704	1.28987181	35.21350098	1.06533331	0.2179841119206924	0.015511	0.00058
0.0181	0.0277	0.0374	-0.0023596851486963333	0.0019390607989657003	0.0012723450247038664	1.13699841	31.04005432	1.03652369	0.1280528944341607	0.0175766	0.00079
0.0276	-0.1471	0.0103	-0.002813470754214859	0.0018046704465621369	0.0011763519158441782	1.38883913	37.91530609	1.1749038	0.24560845333908887	0.0177414	0.001
0.0267	-0.0992	-0.0061	-0.0039235001584832525	0.0018901915799098587	0.0012409290981679683	1.26816452	34.62089157	1.07182333	0.12820638599699527	0.0139554	0.00066
0.0222	-0.0264	0.0116	-0.004078834461910747	0.0017924531417981763	0.001186823891356144	1.05268288	28.7382412	0.97413302	0.11035889741755008	0.0146216	0.00079
0.0251	-0.0633	0.0617	-0.004057890510886817	0.0018849555921538759	0.0012583823906879114	1.10973155	30.29566956	0.97751085	0.09915024503556984	0.0141149	0.00093
0.0227	-0.042	0.0515	-0.003387684078120994	0.0017924531417981763	0.0012636183784438947	1.18205547	32.2701149	1.00416512	0.07229724354387529	0.015707	0.00091
0.026	-0.0975	0.0052	-0.003351032163829113	0.0013945180723434693	0.0011466813185602744	1.21465957	33.16020584	1.01618626	0.13267620218151044	0.0139182	0.00051
0.0331	-0.1691	0.0341	-0.003316125578789226	0.0012671090369478833	0.0010978120995044332	1.14845312	31.35276794	0.99199089	0.1181592419745657	0.013337	0.00036
0.0402	-0.1707	0.0769	-0.0035517450278084606	0.001282817000215832	0.0010960667702524388	1.18889809	32.45691681	1.02009334	0.0641536370769589	0.0127886	0.00049
0.0375	-0.0879	0.0734	-0.004356341812977846	0.0015027284859671175	0.001439896632895322	1.27288294	34.74970245	1.08342631	0.1574169066781777	0.0130854	0.00046
0.0503	-0.0825	0.0769	-0.004714134309636684	0.001637118838370681	0.001562069680534925	1.19964337	32.75026321	1.00652215	0.05241779483510022	0.0117174	0.00022
0.0539	-0.16	0.1064	-0.0044977134823893875	0.001223475805648025	0.0014538592669112763	1.20513141	32.90008545	0.98879	0.14751371367968008	0.0115654	0.00021
0.0534	-0.1609	0.1481	-0.004356341812977846	0.0011100294042683937	0.0012740903539558604	1.11852717	30.5357914	0.95620248	0.06482934918732944	0.0121041	0.0001
0.0567	-0.0825	0.0982	-0.004682718383100785	0.0012025318546240932	0.001499237827463129	1.18893242	32.45785522	0.987233	0.16380132469929537	0.0112488	0.00015
0.0524	-0.095	0.0617	-0.004590215932745087	0.0013386675362796509	0.0015777776438028737	1.1804235	32.22555923	0.96439695	0.06865889741755003	0.011299	0.00013
0.0584	-0.1301	0.0497	-0.00415213829049451	0.0007731808586334879	0.0010367255756846318	1.15277636	31.47079277	0.94226152	0.13033081940074903	0.0112303	0.00024
0.0523	-0.0717	0.0731	-0.0038536869884034796	0.0009232791743050004	0.0012147491593880533	1.19577181	32.6445694	0.97590889	0.11922866007329824	0.0112255	0.00019
0.049	-0.0792	0.0909	-0.004174827570770436	0.0008831366015091308	0.0011117747335203881	1.08269596	29.55760002	0.9527442	0.05181287905152456	0.0111182	0.00022
0.046	-0.0875	0.0875	-0.004771730174952496	0.0010576695267085637	0.0012147491593880533	1.08218002	29.54351425	0.93855778	0.058420497762457904	0.0123402	0.00018
0.0391	-0.0874	0.0436	-0.004431390970813603	0.001117010721276371	0.0010960667702524388	1.14666748	31.30402184	0.98931062	0.07681813939211575	0.0118588	0.00015
0.0354	-0.0695	0.0524	-0.004347615166717875	0.0005462880558742252	0.0007295476273336296	1.12846649	30.80713272	0.96181869	0.08145088062083412	0.0119375	0.00027
0.0385	-0.1303	0.096	-0.004412192349041665	0.0006370451769779302	0.0008133234314293575	1.16613269	31.83542061	0.99216187	0.11945550537616113	0.011573	0.00025
0.0381	-0.094	0.0738	-0.004302236606166022	0.0007086036763096977	0.0008517206749732328	1.04536617	28.53849411	0.96322306	0.0698955742875643	0.0130765	0.00033
0.0287	0.0232	0.0324	-0.004406956361285682	0.0012688543661998775	0.0009023352232810684	1.35957897	37.11650467	1.0238739	0.20377924966588376	0.0141522	0.00036
0.0253	-0.0514	-0.0267	-0.003652974124424132	0.0010245082709206715	0.0007208209810736582	1.19457781	32.61197281	1.02502687	0.19609212871740833	0.0134514	0.00048
0.0231	-0.127	-0.1207	-0.0041661009245104645	0.0007801621756414653	0.0005811946409141118	1.27090132	34.69560623	1.08929336	0.21665496177625423	0.0139277	0.0004
0.0251	-0.0279	-0.1029	-0.0032009338481576006	0.0011466813185602744	0.0008307767239493009	1.32412446	36.14859772	1.14839737	0.19796341511534307	0.0151958	0.0004
0.0316	0.014	-0.1074	-0.0021886428820008896	0.0011571532940722405	0.0009704030641088471	1.21137297	33.07048035	1.06348885	0.11101946409141115	0.0178118	0.00037
0.0322	-0.0612	-0.0992	-0.0015987215948268059	0.0009581857593448868	0.0011676252695842063	1.36969852	37.39276886	1.12250991	0.13330555136883984	0.0214418	0.00238
0.0327	-0.0495	-0.0507	-0.0017645278737662671	0.0008848819307611251	0.0006300638599699529	1.3657676	37.2854538	1.14712207	0.0995335758568738	0.0158985	0.00019
0.0115	-0.0496	0.0121	-0.0019844393595175526	0.00014311699866353502	-0.000153588974175501	1.10901761	30.27617836	0.99111603	0.17136646259971647	0.0142925	0.0003
0.0024	-0.0446	0.0326	-0.002134537675189065	0.00015184364492350666	-0.00013788101090755203	1.12930727	30.83008766	1.02528333	0.04332664625997164	0.014613	0.0004
-0.0082	-0.0949	0.0342	-0.0025446900494077327	0.000752236907609556	-0.00014311699866353502	1.10769844	30.24016571	0.98946665	0.113289081233035	0.0130213	0.00024
-0.0077	-0.076	0.0115	-0.002764601535159018	0.0008290313946973065	-2.6179938779914945e-05	1.04645038	28.56809425	0.96339326	0.0627821516361328	0.0124528	0.00018
0.0042	-0.1407	0.0597	-0.0033615041393410786	0.0010873401239924673	0.00022863813201125715	1.12769198	30.78598976	0.98829439	0.1803014702134197	0.0118507	7e-05
0.0185	-0.117	0.0925	-0.0031956978604016175	0.0006963863715457374	0.000466002910282486	1.06295919	29.01878357	0.95453523	0.11050624048287096	0.0114427	0.00015
0.02	-0.1412	0.1207	-0.003560471674068432	0.000705113017805709	0.0002600540585471551	1.18133688	32.25049591	0.9779167	0.08287246558310583	0.0133944	0.00024
0.0186	-0.1487	0.1138	-0.0033283428835531865	0.0008552113334772215	0.0003577924966588376	1.22788036	33.52113342	1.01560614	0.03979827721492204	0.0136403	9e-05
-0.005	-0.0827	0.0914	-0.003225368457685521	0.0010611601852125523	0.0007539822368615504	1.15573251	31.55149651	0.97443663	0.14725565089028544	0.0133844	0.0001
-0.0014	-0.1791	0.019	-0.0030578168494940655	0.0006702064327658224	0.0003717551306747922	1.16186309	31.71886063	1.05333414	0.2194366233412472	0.0132897	0.00037
-0.0022	-0.1958	0.0836	-0.003089232776029963	0.00034033920413889426	0.00011693705988362007	1.15475702	31.5248661	1.0310629	0.11290506129769984	0.0132591	0.00013
0.0003	-0.1364	0.1215	-0.003298672286269283	0.00018675022996339323	2.6179938779914945e-05	1.07822192	29.43545914	0.98075989	0.12248928027592632	0.0134875	0.00016
0.0018	-0.1461	0.1128	-0.003525565089028546	0.00034906585039886593	1.7453292519943296e-05	1.09560096	29.90990639	0.9335974	0.039796753472735376	0.0128881	0.00015
0.0006	-0.1212	0.0726	-0.0035290557475325343	0.0006562437987498679	0.00016929693744344995	1.16546178	31.81710434	0.9618795	0.08942561258892485	0.0111715	0.00012
-0.0003	-0.0961	0.0413	-0.0032096604944175725	0.0003106686068549907	-5.93411945678072e-05	1.14895213	31.36639214	0.95805512	0.1019804288510548	0.0113962	0.0001
0.0019	-0.1528	0.0776	-0.0025586526834236872	-0.0002722713633111154	-0.00034906585039886593	1.17794716	32.15795517	0.99739916	0.17138362184955247	0.0132837	0.00034
0.0064	-0.1889	0.1021	-0.0024172810140121463	-0.00017453292519943296	-0.00039968039870670147	1.07944667	29.46889305	0.96061277	0.07958623279155294	0.0139796	9e-05
0.0114	-0.1288	0.0971	-0.0030578168494940655	6.108652381980153e-05	-0.0002844886680750757	1.19752729	32.69249344	0.96124489	0.11966735075663897	0.0129519	0.00018
0.0099	-0.098	0.0612	-0.003450515931192789	0.0005881759579220891	4.0142572795869576e-05	1.21819913	33.25683594	1.01280516	0.1304209878335978	0.0122807	0.0001
0.0117	-0.1092	0.0575	-0.002933898472602468	0.000153588974175501	-0.00016231562043547262	1.17303169	32.02376556	0.98158431	0.07438313177841256	0.0117218	9e-05
0.0093	-0.1528	0.0785	-0.002478367537831948	-0.00016231562043547262	-0.0005288347633542819	1.12990999	30.84654236	0.97275312	0.12389773361501512	0.0134349	0.00013
0.0093	-0.165	0.0935	-0.002267182698340634	-2.094395102393195e-05	-0.0005759586531581287	1.07697725	29.40147972	0.97868355	0.04718401993533508	0.0137243	0.00013
0.0134	-0.1068	0.0913	-0.002469640891571976	-0.00022165681500327985	-0.0006928957130417488	1.22524107	33.44908142	0.95405108	0.0905054058547155	0.014301	0.00024
0.016	-0.1053	0.1027	-0.0029443704481144336	-0.00013788101090755203	-0.0004974188368183839	1.21186984	33.08404541	0.95844118	0.05319911184307752	0.0131086	0.00024
0.0192	-0.1281	0.1084	-0.0027576202181510408	-0.0004188790204786391	-0.00037524578917878077	1.12983799	30.84457588	0.94253241	0.06119606435870412	0.0132266	0.00015
0.0152	-0.1809	0.1324	-0.0026930430358272505	-0.0003612831551628262	-0.0006300638599699529	1.13457513	30.97390175	0.9654423	0.09964955592153875	0.0142682	0.00018
0.0145	-0.1845	0.1464	-0.00294262511886244	-0.0003159045946109737	-0.0006684611035138282	1.14568841	31.27729225	0.9553359	0.03496789435654587	0.0148472	0.00015
0.0043	-0.1267	0.1422	-0.003687880709464018	0.00021467549799530252	-0.0006056292504420323	1.17295253	32.02160263	0.97966578	0.13913337681398247	0.01335	0.00015
-0.0091	-0.1468	0.1699	-0.00398284135305106	0.0002617993877991494	-0.0005096361415823442	1.12398803	30.68487358	0.95771548	0.08310388211252885	0.0139863	0.00024
-0.0108	-0.2192	0.1649	-0.0034819318577286873	-0.0002530727415391778	-0.0007557275661135446	1.12035549	30.5857048	0.9901047	0.142193652459595	0.0141286	0.00021
-0.0106	-0.2315	0.2207	-0.003530801076784529	-0.00046949356878647465	-0.0008709192967451704	1.11670029	30.48591805	1.02107063	0.08732408884673824	0.018074	0.00034
-0.0005	-0.2034	0.2159	-0.0038851029149393774	-0.0004537856055185257	-0.0007539822368615504	1.19940805	32.74383926	0.99426981	0.06734734306532088	0.0168776	0.00019
-0.0014	-0.2249	0.2099	-0.00399505865781502	-0.0002740166925631097	-0.0007487462491055673	1.16281223	31.74477386	1.00226369	0.043148032179352064	0.0164308	0.00028
0.0006	-0.2595	0.2068	-0.00364424747816416	-0.0007696902001294993	-0.00091106186954104	1.16248953	31.73596382	0.96859896	0.0901400153826361	0.017271	0.00016
0.0032	-0.2623	0.2375	-0.003384193419617005	-0.0010000736613927507	-0.0009634217471008699	1.1132226	30.39097595	0.95053225	0.06323986986851175	0.0188399	0.00024
0.0099	-0.2552	0.2416	-0.0032480577379614467	-0.0009686577348568529	-0.0008883725892651138	1.16389763	31.77440453	0.94082638	0.030030038301360622	0.0205539	0.00018
0.0164	-0.1983	0.223	-0.003895574890451344	-0.0006178465552059926	-0.0006056292504420323	1.21232009	33.09633636	0.99628352	0.14605358354819192	0.0170504	0.00015
0.0161	-0.2398	0.1939	-0.0038013271108436495	-0.0008377580409572782	-0.0001675516081914556	1.24767125	34.06142426	1.04517228	0.10851184538047784	0.0167152	0.00052
0.0194	-0.2527	0.2573	-0.0031555552876057474	-0.0006021385919380437	-0.0008429940287132613	1.25414979	34.23828888	1.04202611	0.1574416846389471	0.0204234	0.00018
0.0157	-0.2281	0.2547	-0.003679154063204046	-0.00027576202181510406	-0.0007592182246175333	1.03522468	28.26163292	0.93880851	0.0775875574908483	0.0182322	0.0001
0.0096	-0.2271	0.2462	-0.003556981015564444	-0.0006544984694978735	-0.000926769832808989	1.11330509	30.39322853	0.92444471	0.04902305517569135	0.0191312	0.00019
0.0191	-0.2795	0.2936	-0.004221951460574283	-0.000577703982410123	-0.0007470009198535729	1.2088474	33.00153351	0.99678207	0.15537669225265036	0.0229487	0.00048
0.0208	-0.2283	0.3042	-0.0041608649367544815	-0.0010873401239924673	-0.0005131268000863328	1.1926688	32.55985641	1.01113945	0.10372983925846933	0.0219022	0.00025
0.0262	-0.1987	0.3127	-0.004314453910929983	-0.0008883725892651138	-0.0005096361415823442	1.15286565	31.47323036	0.98559486	0.061302358370342126	0.0212517	0.00021
0.0211	-0.2145	0.308	-0.004488986836129415	-0.000731292956585624	-0.0006702064327658224	1.00204802	27.35590935	0.93800215	0.05020914245312002	0.0207922	0.00027
0.0082	-0.269	0.3335	-0.004626867847036967	-0.0010559241974565693	-0.0010943214410004448	1.07911122	29.45973587	0.99177053	0.13723136300065603	0.0252154	0.00048
-0.0054	-0.3142	0.3346	-0.0044628068973495	-0.0009878563566287904	-0.0008883725892651138	1.23003292	33.57989883	1.01708237	0.08180388211252881	0.0278051	0.00063
-0.0023	-0.1721	0.2155	-0.0029949849964222694	-0.0006056292504420323	-0.000874409955249159	1.41531193	38.63801575	1.18578881	0.35750058205649715	0.0179447	0.00025
-0.0024	-0.2369	0.2131	-0.003274237676741362	-0.0006841690667817771	-0.0008709192967451704	1.18489707	32.34769058	1.02729579	0.08536415775814128	0.0182034	0.0003
0.0029	-0.2606	0.2747	-0.0035534903570604553	-0.0011728612573401894	-0.0008866272600131194	1.1292609	30.82882118	1.0026858	0.12978264170727272	0.0214165	0.00016
0.0083	-0.2376	0.3039	-0.0036250488563922224	-0.0011676252695842063	-0.0010105456369047167	1.17266965	32.01388168	0.95428624	0.06763564319896738	0.0233014	0.00049
0.0094	-0.171	0.2976	-0.00409977841293468	-0.0009512044423369096	-0.0008604473212332044	1.21951294	33.29270172	1.00349042	0.11606243497306334	0.0223981	0.00033
0.0096	-0.1826	0.2987	-0.003998549316319009	-0.001090830782496456	-0.000921533845053006	1.19974804	32.75312042	1.02756748	0.027997098029750977	0.0223186	0.0004
0.0068	-0.188	0.3194	-0.003626794185644217	-0.0012112585008840647	-0.001117010721276371	1.18648887	32.3911438	1.00872851	0.06328298626428826	0.0236674	0.00019
0.0055	-0.2477	0.332	-0.0035395277230445004	-0.0011780972450961724	-0.0013456488532876281	1.06941152	29.19493484	0.95387368	0.09105329251994328	0.026529	0.00039
0.01	-0.2743	0.3445	-0.0038100537571036214	-0.0011414453308042916	-0.0012095131716320703	1.22920716	33.55735397	0.98147517	0.06576568150032794	0.0288138	0.00075
0.0113	-0.1958	0.3448	-0.00428129265514209	-0.0005724679946541401	-0.0010105456369047167	1.25910306	34.37351227	1.04205183	0.14205918844579868	0.0248311	0.00022
0.0064	-0.2244	0.3491	-0.004455825580341524	-0.0009023352232810684	-0.0012426744274199627	1.14294899	31.20250702	0.97463777	0.07462644721708046	0.0254449	0.00051
0.006	-0.2755	0.3747	-0.005059709501531561	-0.0011344640137963143	-0.0011431906600562858	1.1298008	30.84355927	1.00612417	0.12387482395344795	0.0281466	0.0006
0.0095	-0.247	0.3578	-0.004258603374866164	-0.001228711793404008	-0.0013037609512397642	1.18957305	32.4753418	0.98051875	0.10169620987282844	0.0281897	0.00069
0.0122	-0.2492	0.3526	-0.004310963252425994	-0.0010663961729685354	-0.0011431906600562858	1.18407178	32.32515717	0.95960739	0.028862289458939063	0.0271056	0.00034
0.0162	-0.1941	0.342	-0.004455825580341524	-0.0011780972450961724	-0.0008918632477691023	1.18354356	32.31073761	0.96811089	0.09509454061651752	0.0240312	0.0003
0.0157	-0.2521	0.3459	-0.004368559117741807	-0.0010995574287564276	-0.0010471975511965976	1.05489218	28.79855537	0.95353772	0.07845702911834784	0.0249088	0.00034
0.0163	-0.2735	0.371	-0.0043929937272697275	-0.0010925761117484504	-0.0010803588069844899	1.06587934	29.09850693	0.95430157	0.050328859116189555	0.0289001	0.00046
0.0148	-0.2873	0.3675	-0.00462337718853298	-0.0010262536001726657	-0.0011397000015522971	1.17807662	32.16149139	0.96502788	0.03660235837034218	0.0299129	0.00058
0.0157	-0.2115	0.3617	-0.004815363406252355	-0.0009162978572970229	-0.0010681415022205296	1.22925603	33.55868912	0.99515823	0.10117502299633926	0.0255113	0.00028
0.011	-0.2447	0.3167	-0.004825835381764321	-0.0008115781021773631	-0.0009128071987930344	1.06331217	29.0284214	0.95993709	0.0964263017029561	0.023415	0.00033
0.0078	-0.3165	0.3455	-0.004523893421169302	-0.0009494591130849152	-0.0012217304763960308	1.09427834	29.87379837	0.96684522	0.1412373124552784	0.0277029	0.00046
0.0071	-0.2033	0.3348	-0.004323180557189954	-0.0009407324668249436	-0.0011850785621041497	1.29770076	35.42723083	1.03966127	0.13690457122656	0.0258443	0.00028
0.0123	-0.2428	0.3669	-0.004698426346368735	-0.000757472895365539	-0.000905825881785057	1.22692657	33.4950943	0.98722569	0.1186879020478639	0.0272476	0.00052
0.0142	-0.224	0.359	-0.0049864056729478	-0.0008063421144213803	-0.0008848819307611251	1.10854661	30.26332283	0.97473827	0.046489624832941896	0.0287746	0.0007
0.0113	-0.2893	0.3502	-0.004728096943652638	-0.000778416846389471	-0.001117010721276371	1.1213814	30.61371231	0.98376346	0.10291813939211585	0.0286638	0.00058
0.0137	-0.2604	0.3591	-0.004600687908257053	-0.0009180431865490173	-0.0012409290981679683	1.18584645	32.37360764	0.96356158	0.059747687622336385	0.0279038	0.00054
0.0164	-0.2369	0.3659	-0.0048415433450322695	-0.0008674286382411819	-0.0010995574287564276	1.18931556	32.46831512	1.00209472	0.05464208272472968	0.0275943	0.00073
0.0281	-0.2502	0.3664	-0.005356415474370597	-0.0009581857593448868	-0.0005305800926062762	1.18520582	32.35611725	0.99542131	0.08423032932960918	0.0262721	0.00057
0.068	-0.2057	0.3574	-0.00476125819944053	-0.001270599695451872	-0.0002024581932313422	1.05797577	28.88273811	0.98191079	0.15518465552059932	0.0252437	0.00034
0.0585	-0.377	0.4118	-0.004595451920501069	-0.0011152653920243766	-0.000291469985083053	1.20774782	32.97151566	1.11031656	0.25570761871093334	0.0354587	0.00153
0.0448	-0.3109	0.4046	-0.005263913024014897	-0.0010716321607245184	-0.00029496064358704166	1.22312355	33.3912735	1.00208107	0.12277924966588372	0.0314236	0.00084
0.0576	-0.2763	0.4024	-0.006072000467688272	-0.00022340214425527416	6.806784082777885e-05	1.21662867	33.21396255	1.03539928	0.15056729722787204	0.0295379	0.00072
0.0419	-0.2763	0.3775	-0.00544193660771832	-0.00042411500823462205	-0.0002548180707911721	1.13745809	31.05260468	0.98834432	0.09828313177841251	0.027893	0.00051
0.0477	-0.3657	0.417	-0.005747369226817327	-0.0008656833089891874	-0.00042935099599060504	1.26344609	34.49207687	1.06644634	0.1807766922526503	0.0344844	0.00135
0.0468	-0.3089	0.4316	-0.005347688828110626	-0.0011362093430483087	-0.0006422811647339132	1.36095142	37.15397263	1.13736211	0.11645683007545651	0.0355645	0.00163
0.0509	-0.2981	0.4229	-0.006354743806511354	-0.0009930923443847736	-0.0002705260340591211	1.29121828	35.2502594	1.03814605	0.09969635538695276	0.0321086	0.0009
0.052	-0.3323	0.4208	-0.005949827420048669	-0.0012618730491919003	-0.00031415926535897925	1.1848011	32.34506989	0.9743145	0.07326651612848348	0.0332396	0.0012
0.0493	-0.3278	0.4369	-0.005581562947877866	-0.0013439035240356337	-0.00042760566673861073	1.10454524	30.15408516	0.95868629	0.05148706741970842	0.0349345	0.00141
0.0444	-0.3324	0.4213	-0.005455899241734273	-0.001181587903600161	-0.0005253441048502931	1.10984588	30.29879189	0.99381405	0.04438588823453735	0.0359873	0.00136
0.0198	-0.2619	0.3592	-0.005588544264885843	0.0001186823891356144	-8.552113334772214e-05	1.2409035	33.87666321	1.08656859	0.25083691436949573	0.0286887	0.00063
0.0185	-0.2846	0.2984	-0.004358087142229841	-0.00023387411976724014	0.0001605702911834783	1.18195045	32.26724625	1.04502659	0.17625525280450288	0.0245459	0.00043
-0.0042	-0.3147	0.2376	-0.004942772441647941	-0.0006387905062299246	-8.203047484373349e-05	1.15709376	31.58865738	1.03395571	0.17521012259539975	0.0209629	0.00034
-0.0042	-0.2864	0.3016	-0.005047492196767601	-0.0008482300164692441	-0.0003193952531149623	1.11314297	30.38880348	1.02695203	0.11987620218151036	0.0246408	0.00052
0.0035	-0.2913	0.3398	-0.005471607205002223	-0.0007731808586334879	-0.00037350045992678646	1.06816661	29.1609478	1.0261566	0.07846346864411016	0.0267687	0.00063
0.0064	-0.2221	0.3552	-0.0054593899002382635	-0.000307177948351002	-0.00037350045992678646	1.27465808	34.79816437	0.99348959	0.11141101075232232	0.0268365	0.00051
0.0126	-0.2558	0.2962	-0.004850269991292241	-0.0012164944886400475	-0.0006736970912698113	1.18624651	32.38452911	1.01748014	0.18983165402890473	0.0248333	0.00045
0.0269	-0.2722	0.4009	-0.006188937527571893	-0.0015847589608108511	-0.0004188790204786391	1.3091476	35.73972702	1.10099881	0.2334875039620813	0.0318198	0.00148
0.0328	-0.3199	0.4578	-0.007021459580773188	-0.0020943951023931952	-0.0002897246558310587	1.20958316	33.02161789	1.05126193	0.184065627971561	0.0370446	0.00234
0.0251	-0.3067	0.4991	-0.007923794804054257	-0.0016458454846306526	-0.0003473205211468716	1.11521018	30.44523621	0.97311901	0.13262403531797123	0.0400584	0.00417
0.0267	-0.27	0.4931	-0.008779006137531478	-0.001281071670963838	-8.37758040957278e-05	1.25898051	34.37016678	1.01411344	0.11847649320975893	0.039033	0.00433
0.0239	-0.402	0.5587	-0.00977558914042024	-0.00124965574442794	-0.0001186823891356144	1.34374619	36.68426895	1.1004579	0.2535452757232274	0.050729	0.01146
0.024	-0.3588	0.6302	-0.010093239064283208	-0.0014119713648634124	2.4434609527920616e-05	1.23114538	33.61026764	1.00893829	0.14595412714809874	0.0550447	0.01547
0.0267	-0.382	0.6222	-0.009967575358139616	-0.0013334315485236678	0.0001937315469713706	1.05612659	28.83225441	0.97570574	0.052575022996339295	0.0563491	0.01567
0.0239	-0.3212	0.5436	-0.008332201849020929	-0.0015166911199830724	0.00010297442586766544	1.39033198	37.95606232	1.07238144	0.23766951008408987	0.046132	0.0067
0.0248	-0.4158	0.5589	-0.008709192967451705	-0.001689478715930511	-0.0002303834612632515	1.23385882	33.68434525	1.02111536	0.15495683007545655	0.0527413	0.01117
0.0223	-0.3404	0.5824	-0.00822399143539728	-0.002078687139125246	-0.0003647738136668148	1.23236406	33.64353943	1.01970505	0.15184001538263622	0.0509017	0.00939
0.0219	-0.3427	0.5906	-0.008464846872172499	-0.0019058995431778078	-0.00041538836197465044	1.104231	30.145504	0.97438744	0.034112879051524624	0.051303	0.00946
0.0201	-0.311	0.516	-0.008080874436733746	-0.0012409290981679683	-0.0001972222054753592	1.07513237	29.35111237	1.00285246	0.1714554518473941	0.0434282	0.00528
0.013	-0.3657	0.5195	-0.008527678725244294	-0.0011449359893082802	-0.0003316125578789226	1.12829256	30.80238533	0.98622145	0.09915938748868992	0.0459183	0.00705
0.012	-0.363	0.5625	-0.00861494518784401	-0.0015498523757709647	-0.0004886921905584122	1.14830148	31.34863091	0.9969067	0.0791631240870946	0.0508159	0.00973
0.0139	-0.3445	0.5887	-0.00847706417693646	-0.001780235837034216	-0.00032463124087094524	1.19421113	32.60196304	0.99529535	0.07321627109291345	0.0515278	0.00991
0.0096	-0.3593	0.5717	-0.00841772298236865	-0.001239183768915974	-0.00032637657012293966	1.06596029	29.10071564	0.97253479	0.06620692959690233	0.0507807	0.00912
0.0003	-0.2996	0.4997	-0.00731292956585624	-0.0004921828490624009	-0.00029496064358704166	1.2501117	34.12804794	1.02715288	0.23516051314509415	0.0418627	0.00379
0.0019	-0.3353	0.4674	-0.007099999397112933	-0.001296779634231787	-0.00040317105721069014	1.24479795	33.98298264	1.0290463	0.12588686837681706	0.0414022	0.00364
0.0005	-0.3892	0.5447	-0.007272786993060372	-0.0016057029118347831	-0.0004677482395344803	1.24898231	34.09721756	1.04538048	0.15991440279371125	0.0502553	0.00786
0.0026	-0.3423	0.5921	-0.007902850853030323	-0.0018657569703819383	-0.0004799655442984406	1.17155814	31.98353577	1.00625615	0.14151676116405332	0.0521993	0.00924
0.0087	-0.2957	0.5462	-0.008225736764649274	-0.001408480706359424	-0.00011344640137963142	1.07079029	29.23257446	0.97154357	0.15593406592801362	0.0447336	0.00613
0.0204	-0.2875	0.4986	-0.008382816397328765	-0.0011780972450961724	-5.235987755982989e-05	1.15698838	31.5857811	0.95928116	0.0899274808881273	0.0403646	0.00435
0.0265	-0.3819	0.5272	-0.00838107106807677	-0.0017453292519943296	-8.203047484373349e-05	1.19045448	32.49940491	1.02060896	0.15903239667170282	0.0467317	0.00708
0.0335	-0.3824	0.6181	-0.00894132175796695	-0.0022235494670407763	2.792526803190927e-05	1.23066413	33.59712982	1.03954627	0.15582133239061344	0.0549963	0.01507
0.0447	-0.3071	0.6341	-0.008672541053159824	-0.0023544491609403502	0.00016406094968746698	1.12454069	30.69996071	1.01403788	0.1292908040181129	0.0536715	0.01276
0.0397	-0.3654	0.6246	-0.008679522370167801	-0.0016702800941585732	0.000317649923862968	1.02580166	28.00438309	0.96621306	0.11503696789826272	0.0552827	0.01282
0.042	-0.3376	0.5606	-0.008140215631301554	-0.0017435839227423352	0.0001658062789394613	1.159266	31.64796066	0.99086947	0.13232271061867587	0.0482166	0.00762
0.0459	-0.4367	0.571	-0.007536331710111515	-0.0020996310901491783	-0.00016406094968746698	1.17583501	32.10029602	1.03140823	0.17788991586119043	0.0546211	0.01066
0.0572	-0.3829	0.612	-0.007497934466567639	-0.0023492131731843676	5.4105206811824215e-05	1.21317208	33.11959839	1.00514527	0.1314072741539178	0.0550237	0.01146
0.0599	-0.3233	0.6334	-0.008316493885752979	-0.002033308578573394	0.0001884955592153876	1.07844591	29.44157219	1.01267835	0.14714271830999387	0.0547981	0.01249
0.0628	-0.2984	0.623	-0.00902160690355869	-0.0019669860669976093	0.0003944444109507184	1.32474303	36.16548538	0.99952764	0.08706921905584121	0.0526118	0.01213
0.0623	-0.3881	0.5858	-0.00817163155783745	-0.0024870941840919192	0.00013264502315156904	1.24529147	33.99645615	1.04118578	0.20899414253073487	0.0543081	0.01186
0.0594	-0.4007	0.5921	-0.007864453609486448	-0.002541199390903744	0.00016406094968746698	1.23879576	33.81912231	1.02291841	0.04143495408493621	0.053956	0.01158
0.0532	-0.3819	0.5713	-0.007838273670706533	-0.0017767451785302276	0.0004363323129985824	1.10133719	30.06650352	0.99798145	0.0989452757232272	0.0503434	0.00838
0.0521	-0.3238	0.5066	-0.007459537223023765	-0.0013281955607676848	0.0003473205211468716	1.16110158	31.69807243	0.97929992	0.16971489286485114	0.0430487	0.00474
0.0526	-0.3711	0.5233	-0.007250097712784445	-0.0018867009214058703	8.726646259971648e-05	1.17240059	32.00653458	0.99125174	0.11589994647123296	0.0472385	0.00669
0.0551	-0.31	0.5645	-0.007340854833888149	-0.0020350539078253884	6.9813170079773176e-06	1.17222953	32.00186539	0.9875693	0.12076976265574806	0.0484017	0.00678
0.0545	-0.3463	0.5631	-0.007735299244838868	-0.0020664698343612863	0.00020420352248333657	1.15561903	31.54839897	0.99080598	0.06945412714809879	0.0483106	0.00762
0.05	-0.3415	0.524	-0.007963937376850125	-0.0014835298641951804	0.000291469985083053	1.04540682	28.53960609	0.96084827	0.09334222823885392	0.0441067	0.00579
0.047	-0.3862	0.5135	-0.006928957130417489	-0.0018989182261698304	-0.0002513274122871834	1.09236407	29.82153702	0.98451524	0.15785830028887615	0.046792	0.00547
0.0412	-0.3393	0.5449	-0.006682865705886288	-0.0021135937241651332	-0.00029496064358704166	1.18028855	32.22187805	0.99662012	0.10932000769131817	0.048682	0.00613
0.0589	-0.3177	0.5153	-0.0069481557521894255	-0.002623229865747477	-0.0002181661564992912	1.24471772	33.980793	1.02697125	0.11148603374866164	0.0438218	0.00507
0.0565	-0.3224	0.497	-0.007005751617505238	-0.0017139133254584315	0.0002844886680750757	1.14922369	31.373806	1.00041961	0.09887836150896126	0.0409235	0.0036
0.0552	-0.3599	0.5061	-0.006813765399785863	-0.0020280725908174107	-6.632251157578452e-05	1.06994975	29.20962715	0.95211269	0.0907478331364607	0.0435593	0.00415
0.0531	-0.3611	0.5193	-0.006473426195646968	-0.002282890661608583	-0.0003385938748868999	1.22004449	33.30721283	0.96703068	0.05987143191205908	0.0478672	0.00522
0.0486	-0.3503	0.5346	-0.007213445798492564	-0.0020594885173533086	-8.552113334772214e-05	1.24836409	34.08033752	1.0061076	0.09142472443200236	0.0470384	0.00618
0.0495	-0.3073	0.5231	-0.007258824359044416	-0.0020769418098732523	-0.0001256637061435917	1.17566609	32.09568405	0.99112025	0.0605487212933832	0.0437741	0.0045
0.0485	-0.3574	0.5383	-0.007094763409356949	-0.0022322761133007477	-0.0001658062789394613	1.10474622	30.1595726	0.97452535	0.08427689129554158	0.0472046	0.00621
0.044	-0.3643	0.5423	-0.007564256978143424	-0.0015899949485668342	0.00014660765716752367	1.10640991	30.20498848	0.98506036	0.08660943348136871	0.0471209	0.00667
0.0274	-0.2883	0.5345	-0.0077213366108229145	-0.0017959438003021652	1.9198621771937625e-05	1.21932495	33.28757095	1.03048509	0.1249218759905204	0.0438906	0.00555
0.0106	-0.2856	0.3507	-0.005263913024014897	-0.0019198621771937623	-0.00012217304763960306	1.39214706	38.00561523	1.27900968	0.33943568165555776	0.0314376	0.0019
-0.0104	-0.1775	0.3291	-0.0030700341542580253	-0.002324778563656447	-0.0005532693728822024	1.27948463	34.92992783	1.19267143	0.3021945790731078	0.0323148	0.0016
0.0254	-0.0889	0.2198	-0.003040363556974122	-0.0010105456369047167	9.075712110370512e-05	1.28313863	35.02968216	1.23330576	0.33309650090107706	0.0213475	0.00099
0.0459	-0.1152	0.1009	-0.0031363566658338103	6.45771823237902e-05	0.0007400196028455958	1.21133566	33.06946182	1.15784173	0.25671892049150424	0.0164342	0.00112
0.0771	-0.1606	-0.0712	-0.00445058959258554	0.000783652834145454	0.0016301375213627037	1.51870942	41.46076584	1.30807499	0.39487132485452503	0.0173883	0.00276
0.0735	-0.2342	-0.0894	-0.00477696616270848	0.0006510078109938849	0.0019233528356977512	1.42742133	38.96860123	1.13855373	0.13301184538047783	0.0169684	0.00102
0.0741	-0.1125	-0.0861	-0.004621631859280984	0.0005218534463463045	0.0019512781037296606	1.23860681	33.81396484	1.11010252	0.14122069680534924	0.016726	0.00064
0.0639	-0.1944	-0.008	-0.004888667234836118	-0.00011344640137963142	0.0017767451785302276	1.18825436	32.4393425	1.0511445	0.22404340742402512	0.0117842	0.00037
0.0636	-0.1758	0.0744	-0.005255186377754926	-0.00042760566673861073	0.0017889624832941875	1.30893898	35.73403168	1.05707306	0.13594478565208734	0.0127848	0.0006
0.0662	-0.2724	0.1333	-0.005794493116621174	-0.0004328416544945937	0.0018343410438460403	1.29192841	35.26964569	1.06568465	0.18759606435870416	0.0152884	0.00052
0.0578	-0.2165	0.1523	-0.005588544264885843	-0.0007016223593017205	0.0017383479349863521	1.20591033	32.92135239	1.00321257	0.11183613327010725	0.0132247	0.00033
0.0392	-0.2322	0.1313	-0.005656612105713622	-0.00021118483949131387	0.0014224433403753785	1.0658735	29.09834671	0.95738709	0.09902049776245793	0.0131153	0.00045
0.0419	-0.2894	0.202	-0.006024876577884425	-0.0002670353755551324	0.0014782938764391971	1.14549661	31.27205658	1.00038598	0.15459827721492203	0.0174006	0.00072
0.0471	-0.2922	0.2276	-0.006375687757535285	-0.000322885911618951	0.0015446163880149814	1.30735791	35.69086838	1.00811278	0.057249211364523135	0.0211085	0.00132
0.0515	-0.3075	0.2263	-0.006729989595690135	-0.00014660765716752367	0.0015760323145508795	1.26675045	34.58228683	0.99744178	0.04909980095710872	0.0227551	0.00162
0.0467	-0.294	0.2234	-0.006489134158914917	-0.00030194196059501896	0.001452113937659282	1.24621916	34.02178192	0.97983733	0.04720540585471553	0.0211753	0.00126
0.0487	-0.3409	0.2473	-0.006733480254194123	-0.0002495820830351891	0.0014154620233674013	1.17859924	32.17575836	1.02739987	0.08946789435654583	0.0265752	0.00207
0.0413	-0.2669	0.2317	-0.006628760499074463	-3.141592653589793e-05	0.001424188669627373	1.13642311	31.02434921	1.00570402	0.11358062789394607	0.0220571	0.00135
0.0267	-0.217	0.2124	-0.006492624817418905	0.00033335788713091696	0.0012618730491919003	1.28130436	34.97960663	1.0002828	0.1169612557878923	0.0210274	0.00097
0.032	-0.3317	0.2056	-0.006979571678725324	0.0003473205211468716	0.001452113937659282	1.26188564	34.44947815	1.03152313	0.16135751918948776	0.0241953	0.00136
0.0331	-0.3294	0.2389	-0.006733480254194123	0.00017627825445142725	0.0012723450247038664	1.15849936	31.62703133	0.9861615	0.06654513020910298	0.0239984	0.00108
0.0326	-0.3071	0.261	-0.006541494036474748	4.18879020478639e-05	0.001158898623324235	1.17612195	32.10812759	0.99337	0.06689114857512857	0.0223866	0.00058
0.031	-0.2761	0.2549	-0.006148794954776023	-0.00019024088846738194	0.0010454522219446034	1.07947218	29.46958923	0.96233103	0.07561371367968006	0.0202603	0.00033
0.0257	-0.2766	0.2714	-0.005670574739729577	4.537856055185256e-05	0.0008639379797371932	1.05635953	28.83861351	0.97264075	0.06706769531365447	0.020762	0.00022
0.0274	-0.209	0.1712	-0.0059096848472528	0.0002129301687433082	0.0010768681484805013	1.22359622	33.4041748	1.05031593	0.20047959422289932	0.0140856	9e-05
0.0332	-0.3179	0.201	-0.005989969992844539	-0.0002530727415391778	0.000921533845053006	1.22799885	33.52436829	1.04786518	0.17958111796508602	0.0185108	0.00027
0.0394	-0.3154	0.2795	-0.006831218692305806	-0.0004886921905584122	0.0009372418083209549	1.19004107	32.48812103	1.00691586	0.14182880558742253	0.0220814	0.00025
0.0417	-0.3043	0.31	-0.007103490055616921	-0.0007190756518216638	0.0010384709049366262	1.18281066	32.29072952	0.96860259	0.07409419605950189	0.0231887	0.00048
0.0395	-0.3377	0.2676	-0.007185520530460655	-0.000582939970166106	0.0012374384396639797	1.07210124	29.26836205	0.96027666	0.09885668456133226	0.0204028	0.00028
0.0348	-0.2587	0.2404	-0.007278022980816354	-0.0002181661564992912	0.0012217304763960308	1.06962264	29.20069695	0.98571144	0.1345492113645231	0.0177337	0.00021
0.0364	-0.3212	0.2384	-0.006398377037811212	-0.00029321531433504735	0.001090830782496456	1.1934824	32.5820694	0.99606721	0.12037973973702366	0.0190473	0.00027
0.0417	-0.322	0.2609	-0.006571164633758651	-0.00042411500823462205	0.0011222467090323538	1.20229828	32.82274246	0.956327	0.0453551608191456	0.0203952	0.00028
0.0551	-0.327	0.224	-0.006600835231042554	-0.0008290313946973065	0.0011850785621041497	1.22422707	33.42139816	0.99939353	0.08017094184091923	0.0187332	0.00021
0.046	-0.2956	0.1925	-0.00693768377667746	-0.000466002910282486	0.0012671090369478833	1.10814989	30.252491	0.99281516	0.11109537524467304	0.0166339	0.00036
0.0496	-0.3333	0.2368	-0.0068329640215578	-0.0007033676885537148	0.0011327186845443199	1.08805966	29.70402718	0.98935968	0.1094237442897226	0.0191408	0.00025
0.0525	-0.3196	0.313	-0.007489207820307668	-0.0009581857593448868	0.0010768681484805013	1.12209392	30.63316345	1.00144922	0.14114562028024283	0.024965	0.0006
0.048	-0.2758	0.3048	-0.007424630637983878	-0.0007766715171374765	0.0011519173063162574	1.13329291	30.93889427	0.97241642	0.07255702911834777	0.0228139	0.00043
0.041	-0.3081	0.2595	-0.007216936456996553	-0.0003473205211468716	0.0012897983172238095	1.11258304	30.37351608	0.98609681	0.12334630939427411	0.0207552	0.00051
0.0411	-0.2969	0.2402	-0.006569419304506657	-0.0006021385919380437	0.001043706892692609	1.11800921	30.52165031	0.97320095	0.08802133239061341	0.0195798	0.00046
0.0442	-0.378	0.2919	-0.0066043258895465435	-0.001043706892692609	0.001022762941668677	1.13659012	31.02890968	1.02481368	0.1607709418409192	0.0250215	0.00064
0.0404	-0.3287	0.3263	-0.006834709350809794	-0.0008447393579652555	0.0009896016858807848	1.02090359	27.87066841	0.95978482	0.1106256125889248	0.0260321	0.00067
0.0357	-0.3472	0.2757	-0.006935938447425466	-0.00029321531433504735	0.0010803588069844899	1.29755819	35.42333603	0.98626518	0.11097551306747924	0.0241047	0.00061
0.0265	-0.296	0.2578	-0.007246607054280456	-0.000577703982410123	0.0007435102613495844	1.18265474	32.28647232	1.02572911	0.12490029102824864	0.0220487	0.00055
0.0408	-0.3186	0.3369	-0.00766723140401109	-0.0006265732014659643	0.0012863076587198209	1.24993622	34.12325668	1.062169	0.1666145483078356	0.0275639	0.00081
0.0458	-0.3476	0.3732	-0.007314674895108234	-0.0009128071987930344	0.0012304571226560022	1.16127717	31.70286751	1.01148551	0.10503205211468726	0.0307242	0.00118
0.0417	-0.2669	0.3595	-0.008084365095237734	-0.0003822271061867582	0.0013910274138394805	1.09746361	29.96075439	1.00179105	0.1715420291959627	0.026	0.00075
0.0387	-0.3154	0.3052	-0.007799876427162659	-0.00028274333882308137	0.0013386675362796509	1.31898916	36.00840378	0.99467212	0.127616615649929	0.0248854	0.00069
0.0419	-0.3577	0.3183	-0.0075991635631833115	-0.0005846852994181004	0.0012793263417118436	1.23524308	33.72213364	0.98556272	0.08669980095710872	0.0268465	0.00078
0.0444	-0.333	0.3623	-0.007442083930503821	-0.0006283185307179585	0.001192059879112127	1.21339607	33.12571335	0.98858498	0.08559896632895325	0.0282963	0.00073
0.0325	-0.2957	0.3319	-0.007468263869283736	-0.0001884955592153876	0.0013945180723434693	1.18217099	32.27326584	0.98219735	0.11302305517569144	0.0241182	0.0006
0.0234	-0.2161	0.2724	-0.006237806746627734	0.0003769911184307752	0.0016877333866785165	1.12406266	30.68690872	1.03327337	0.2526579557318606	0.0180252	0.00033
0.0433	-0.3863	0.3155	-0.007115707360380881	-7.67944870877505e-05	0.001609193570338772	1.18066227	32.23207855	1.0855516	0.3037113017805709	0.0262507	0.00055
0.0527	-0.3505	0.3671	-0.006963863715457375	-0.0002530727415391778	0.0015166911199830724	1.07735562	29.41180801	0.97882764	0.11783121748653164	0.029127	0.00064
0.0521	-0.3518	0.3628	-0.007710864635310948	-9.075712110370512e-05	0.001553343034274953	1.14441276	31.24246788	0.97649149	0.05349842272904634	0.0288799	0.00088
0.0501	-0.3447	0.3156	-0.007504915783575617	8.028514559173915e-05	0.0016039575825827887	1.12013161	30.57959175	0.97967504	0.07768028333693057	0.0277111	0.00073
0.0499	-0.3876	0.3253	-0.007309438907352251	-0.00023911010752322313	0.001361356816555577	1.09104621	29.78556061	0.95534789	0.09067364476827695	0.027091	0.00069
0.0495	-0.3301	0.3373	-0.007398450699203962	-0.0002373647782712288	0.0014870205226991688	1.09736228	29.95798874	0.96307785	0.08072104136236485	0.0262063	0.00069
0.0299	-0.2988	0.2382	-0.007566002307395418	0.0001675516081914556	0.0015638150097869194	1.19077897	32.50826645	1.10193419	0.18246312408709453	0.0214566	0.00063
0.0099	-0.2885	0.1184	-0.005982988675836561	0.00039269908169872416	0.0014887658519511632	1.26405239	34.50862885	1.15350938	0.2442605131450941	0.0144615	0.00039
0.0409	-0.3362	0.1512	-0.0074124133332199174	0.000466002910282486	0.0022183134792847924	1.07667851	29.39332199	1.03150667	0.22311380566503736	0.0167463	0.00037
0.0429	-0.3729	0.2236	-0.007686430025783027	0.00014137166941154068	0.002090904443889207	1.06438875	29.05781364	0.9937098	0.147402848441482	0.0217412	0.00054
0.0483	-0.3865	0.2953	-0.008611454529340022	0.0004729842272904633	0.002237512101056731	1.26495099	34.53316116	1.10447315	0.16086223593017213	0.0264906	0.00106
0.0521	-0.3042	0.2199	-0.00925548102332593	0.000640535835481919	0.0026668630970473357	1.21602535	33.19749069	1.10803051	0.22354645490839836	0.0212314	0.00052
0.0376	-0.2502	0.0498	-0.004715879638888678	0.0001239183768915974	0.0017749998492782332	1.50527298	41.09395218	1.3881693	0.5360041045398337	0.0130475	0.00043
0.0426	-0.3329	0.1273	-0.0059358647860327145	-8.028514559173915e-05	0.0018744836166419098	1.24337196	33.94405365	1.10369715	0.24138362184955248	0.0152363	0.00037
0.0278	-0.3371	0.2162	-0.0062447880636357115	0.00021118483949131387	0.0015184364492350666	1.18657458	32.39348602	1.03296688	0.15572202150464473	0.0174665	0.00028
0.0203	-0.2572	0.1675	-0.006466444878638991	0.00015184364492350666	0.0016039575825827887	1.1305089	30.86289215	1.03204887	0.15442595714594043	0.014612	0.0003
0.002	-0.2663	-0.0406	-0.007143632628412791	0.00038048177693476387	0.0017418385934903407	1.53239644	41.83442307	1.2437478	0.28768534463463047	0.0155814	0.0007
0.0129	-0.2929	-0.0504	-0.008323475202760958	0.00042935099599060504	0.00152367243699105	1.20258498	32.83057022	1.0376259	0.11964389749516494	0.017029	0.00045
0.0116	-0.2992	0.0123	-0.00797790001086608	0.00012042771838760874	0.001298524963483781	1.23459065	33.70432281	1.00412852	0.11428229715025716	0.0150844	0.00025
0.03	-0.2809	0.0499	-0.007674212721019067	0.00020420352248333657	0.0013683381335635543	1.16709948	31.8618145	0.9648933	0.09716381320112574	0.0135773	0.00022
0.0838	-0.1814	0.0833	-0.007592182246175334	-0.0007906341511534313	0.0023160519173964756	1.19949591	32.74623871	1.03070825	0.28792909661567107	0.012777	0.00021
0.0359	-0.2181	0.106	-0.007279768310068348	0.00018500490071139895	0.001658062789394613	1.08744872	29.68734932	1.00425159	0.20460210579868388	0.0123955	9e-05
0.0252	-0.2553	0.1826	-0.006901031862385578	0.0004380776422505767	0.0021101030656611444	1.11526203	30.44665337	1.04450943	0.17869247327442403	0.0168834	0.00025
0.006	-0.0415	0.1594	-0.005855579640440977	-0.0003193952531149623	0.0021799162357409173	1.31380391	35.86684418	1.17995392	0.34983691436949566	0.0166973	0.00073
0.0582	0.0281	0.1047	-0.0034766958699727043	-0.002553416695667704	0.0011431906600562858	1.45509911	39.72420502	1.37585752	0.45898153943528225	0.0239621	0.00307
0.0347	-0.0085	0.2499	-0.0041661009245104645	-0.0016615534478986017	0.0012112585008840647	1.36142445	37.16688538	1.3416917	0.2877668071567321	0.0342796	0.00978
-0.0163	-0.061	0.065	-0.002722713633111154	-0.0012740903539558604	3.316125578789226e-05	1.35851431	37.08744049	1.35569777	0.4388473815219112	0.0314825	0.00723
0.0201	-0.0989	-0.1848	-0.003858922976159462	-0.0008604473212332044	0.00014660765716752367	1.7447294	47.63111115	1.46339674	0.4072649388575297	0.0410641	0.00928
0.046	-0.1604	-0.0789	-0.00493404579538797	-0.001239183768915974	-0.00034557519189487725	1.4086839	38.4570694	1.16837436	0.2906021057986839	0.0349433	0.0072
0.0498	-0.1078	-0.1738	-0.005045746867515607	-0.0010210176124166828	0.00042935099599060504	1.34875512	36.8210144	1.13038395	0.20653967082562052	0.0385972	0.00579
0.0284	-0.0625	-0.2444	-0.005017821599483697	-0.0007417649320975902	0.00045553093477052	1.20149457	32.80080032	1.07221379	0.15396789435654593	0.0396248	0.0042
0.0262	-0.0314	-0.2369	-0.005768313177841259	-0.000757472895365539	0.00039095375244672985	1.40289819	38.29911804	0.99835035	0.08233883619746506	0.0408653	0.00507
0.036	-0.0433	-0.2188	-0.006161012259539982	-0.0009075712110370514	0.0004485496177625427	1.32030559	36.04434204	0.997619	0.06981966313430242	0.0398075	0.00466
0.0372	-0.0584	-0.2225	-0.007120943348136864	-0.0009826203688728075	0.0006597344572538566	1.28581667	35.10279465	1.00030682	0.08230825429619763	0.0411937	0.0054
0.0325	-0.0284	-0.2227	-0.008480554835440447	-0.0007731808586334879	0.0008813912722571365	1.1586659	31.63157845	1.02864563	0.12443539062730911	0.046084	0.00682
0.0333	-0.0235	-0.2506	-0.0077597338543667896	-0.0006178465552059926	0.0009023352232810684	1.39509535	38.08610153	0.9980197	0.07845496177625425	0.0470998	0.00729
0.0371	-0.0336	-0.2135	-0.008117526351025627	-0.000895353906273091	0.0008709192967451704	1.38379741	37.777668	1.00612722	0.08433578871309166	0.0432007	0.00625
0.0495	-0.002	-0.2137	-0.0088645272708792	-0.0008290313946973065	0.0010681415022205296	1.27412403	34.78358459	0.99932094	0.09472728184523584	0.0459388	0.00693
0.0491	-0.0488	-0.1952	-0.00957487627644089	-0.0005916666164260777	0.0011780972450961724	1.14220822	31.1822834	0.98494115	0.1185834763354281	0.0447372	0.00732
0.0501	-0.0514	-0.1856	-0.010716321607245182	-0.0006527531402458793	0.0012322024519079964	1.09640086	29.93174171	0.95329306	0.07603185307179587	0.0464418	0.00874
0.0477	-0.0227	-0.1786	-0.011252137687607444	-0.0006649704450098395	0.001420698011123384	1.20822871	32.98464203	0.97783435	0.07492644721708044	0.047565	0.00859
0.0474	-0.0546	-0.1628	-0.011091567396423963	-0.0007766715171374765	0.0014573499254152652	1.1874001	32.41602325	0.98196199	0.06344616388014995	0.046722	0.00808
0.0512	-0.0558	-0.1458	-0.011168361883511715	-0.0009162978572970229	0.0015079644737231008	1.17400193	32.05025101	0.98165525	0.035351768777756684	0.0447065	0.00745
0.0504	-0.0454	-0.1604	-0.010930997105240484	-0.0007208209810736582	0.001377064779823526	1.03767025	28.32839775	0.93704019	0.05398706741970848	0.0448218	0.0075
0.0436	-0.0229	-0.2016	-0.010925761117484502	-0.0006527531402458793	0.0013212142437597075	1.21907043	33.28062057	0.96691702	0.07695771823237901	0.0483003	0.00688
0.0392	0.0443	-0.2046	-0.010232865404442754	-0.0008395033702092724	0.0011379546723003027	1.22474575	33.43555832	0.99892332	0.12774527572322728	0.0451765	0.00532
0.0381	-0.0523	-0.1965	-0.009871582249279927	-0.0010716321607245184	0.001117010721276371	1.23601139	33.74311066	1.00291923	0.13651779483510024	0.0413423	0.00493
0.0406	-0.0519	-0.167	-0.010079276430267252	-0.0007749261878854823	0.001329940890019679	1.12405992	30.68683434	0.96814785	0.06826651612848347	0.0401403	0.0049
0.0465	-0.0272	-0.1957	-0.010658725741929371	-0.0004956735075663896	0.0015882496193148398	1.09601676	29.92125702	0.95824682	0.11515053606381861	0.0430491	0.00462
0.0458	0.0257	-0.234	-0.009754645189396307	-0.0006335545184739417	0.0013962634015954637	1.2067548	32.9444046	1.01075066	0.1535973890579996	0.0430981	0.00393
0.0473	-0.0019	-0.2346	-0.009475392509077215	-0.0008604473212332044	0.0012077678423800758	1.14616096	31.29019356	0.9828519	0.06443205211468711	0.0418006	0.00369
0.0445	-0.0245	-0.1887	-0.0093567101199416	-0.0010978120995044332	0.0012130038301360591	1.18693042	32.40319824	0.99588705	0.08936415775814131	0.0396929	0.00405
0.0456	-0.0929	-0.1582	-0.008794714100799426	-0.0005340707511102648	0.0011239920382843482	1.15525973	31.53858948	1.03820164	0.16073745796940267	0.0340388	0.00289
0.0391	0.014	-0.1895	-0.009443976582541317	-0.0006126105674500097	0.0014259339988793671	1.15954936	31.65569687	1.03165041	0.19618721293383276	0.0400965	0.00336
0.0418	0.0436	-0.2079	-0.008464846872172499	-0.00031415926535897925	0.0016179202165987434	1.19161475	32.53108215	1.03682099	0.12417836150896122	0.0364762	0.00183
0.0372	-0.0057	-0.2084	-0.00855036800552022	-0.0006318091892219474	0.0013962634015954637	1.11628711	30.47463799	0.98114427	0.08564139361069846	0.035317	0.00171
0.0457	-0.1021	-0.1405	-0.008698720991939739	-0.0005393067388662478	0.001541125729510993	1.21916568	33.2832222	1.03437819	0.1920858882345373	0.0309776	0.00198
0.0323	-0.0815	-0.1287	-0.009367182095453565	-1.7453292519943294e-06	0.0018500490071139892	1.05326414	28.75411034	0.95352551	0.1215472895365538	0.0325683	0.00219
0.0091	-0.0246	-0.155	-0.00890466984367507	0.00017627825445142725	0.0018186330805780916	1.28941774	35.20110321	1.02809981	0.13999758810089075	0.0326699	0.00178
0.019	-0.0865	-0.1693	-0.008930849782454984	-2.268928027592628e-05	0.0016126842288427606	1.17670214	32.12396622	1.00922422	0.10765481626212994	0.0322186	0.00181
0.0238	-0.1216	-0.1388	-0.008702211650443726	-0.00011693705988362007	0.0015865042900628454	1.23209929	33.63631058	0.99201536	0.08785329251994332	0.032636	0.00178
0.0223	-0.1104	-0.1199	-0.008709192967451705	-0.0002024581932313422	0.001387536755335492	1.14202952	31.1774044	0.9853116	0.0461734992541527	0.0295112	0.00172
0.026	-0.0787	-0.1533	-0.009149015938954275	8.37758040957278e-05	0.001790707812546182	1.1352483	30.99227715	0.94262573	0.1252614013020165	0.0317346	0.00157
0.0274	-0.1313	-0.1507	-0.008983209660014814	6.45771823237902e-05	0.0016632987771505957	1.14978755	31.3891983	0.98036866	0.07222069680534922	0.0289475	0.0012
0.0374	-0.0841	-0.153	-0.008126252997285598	-0.0004049163864626844	0.0014782938764391971	1.21520603	33.17512512	0.98031324	0.13507275661135448	0.0279237	0.00108
0.0389	-0.0871	-0.1464	-0.007998843961890012	-0.0006422811647339132	0.001439896632895322	1.21630967	33.2052536	1.02081094	0.031258552860534486	0.0312825	0.0015
0.0334	-0.059	-0.1505	-0.008649851772883898	-0.0005323254218582705	0.001509709802975095	1.07920825	29.46238518	0.9824264	0.07923883619746505	0.0302047	0.00126
0.0301	-0.0141	-0.1714	-0.008810422064067375	-0.0003385938748868999	0.001562069680534925	1.21431017	33.15066528	0.9823853	0.08943308578573389	0.0322689	0.00138
0.0244	-0.0702	-0.1892	-0.008517206749732328	-0.0005201081170943102	0.0012863076587198209	1.21193051	33.08570099	1.07010881	0.11712457891787809	0.031345	0.00117
0.0287	-0.1343	-0.1326	-0.00838107106807677	-0.0007452555906015787	0.0012409290981679683	1.19983983	32.75562668	0.99828267	0.14533308578573392	0.0268263	0.00118
0.0307	-0.0533	-0.1272	-0.008511970761976346	-0.0007225663103256524	0.001329940890019679	1.21038198	33.04342651	1.00665485	0.1005300383013606	0.0293821	0.00118
0.0245	-0.0277	-0.142	-0.008628907821859965	-0.0001308996938995747	0.0012863076587198209	1.09902263	30.00331688	0.98149262	0.08421184538047775	0.0301228	0.00138
0.0296	-0.0926	-0.1171	-0.007840018999958528	0.0003211405823669566	0.0012269664641520136	1.23773301	33.79011154	1.03496912	0.15991351463678882	0.0241872	0.00072
0.0369	-0.1188	-0.1106	-0.008318239215004974	-4.0142572795869576e-05	0.0013142329267517303	1.14409745	31.23385811	0.9543835	0.08633849164044942	0.0244372	0.00094
0.0445	-0.1318	-0.0786	-0.008560839981032187	-2.094395102393195e-05	0.0015481070465189703	1.21646404	33.20946884	0.95315147	0.07738367537831951	0.023961	0.00084
0.045	-0.1169	-0.1018	-0.00832871119051694	-0.0002705260340591211	0.001616174887346749	1.20182443	32.80980682	0.97625086	0.06608893571891074	0.0252066	0.00102
0.04	-0.0952	-0.1154	-0.008686503687175778	-4.886921905584123e-05	0.001689478715930511	1.06186926	28.98902893	0.95045978	0.072937657012294	0.0255166	0.00076
0.0344	-0.1116	-0.1326	-0.008203047484373348	0.00018500490071139895	0.0013142329267517303	1.01499891	27.70947075	0.92142837	0.09382880558742253	0.024892	0.00073
0.0327	-0.0901	-0.1292	-0.008313003227248992	0.000296705972839036	0.0013980087308474581	1.17229092	32.00354004	0.94722386	0.04187163095495039	0.0249839	0.00079
0.0348	-0.1516	-0.1169	-0.008185594191853404	5.4105206811824215e-05	0.0014870205226991688	1.22954738	33.56664276	0.97728043	0.09885107966372551	0.0267256	0.00106
0.0358	-0.1079	-0.1034	-0.008587019919812101	-5.585053606381854e-05	0.0014660765716752368	1.16100061	31.69531441	0.97221304	0.08481627109291363	0.0253609	0.00096
0.0323	-0.0368	-0.0963	-0.00891688714843903	-0.00010995574287564276	0.0014695672301792255	1.13846433	31.08007431	0.97140093	0.10107315469713712	0.0263929	0.00075
0.0351	-0.1379	-0.109	-0.00872315560146766	-0.0002373647782712288	0.0012758356832078548	1.05015588	28.66925621	0.97901771	0.14234360646691632	0.0248132	0.00066
0.0408	-0.1406	-0.0959	-0.008449138908904549	-0.0005078908123303499	0.001324704902263696	1.03790689	28.33485794	0.9275661	0.05117059728390368	0.0246034	0.00105
0.0404	-0.0801	-0.0962	-0.008454374896660533	-0.0005899212871740833	0.0014608405839192536	1.16817427	31.89115715	0.94976046	0.07237010721276374	0.0240239	0.00084
0.0312	-0.0591	-0.0993	-0.00881216739331937	-0.00039095375244672985	0.0015865042900628454	1.17036939	31.95108414	0.94940185	0.06742118687648908	0.0260049	0.00066
0.0304	-0.0529	-0.1225	-0.008571311956544151	-0.0006632251157578452	0.0013840460968315032	1.12200046	30.63061142	0.97366102	0.06597924966588378	0.026199	0.00063
0.0341	-0.0897	-0.1063	-0.00826762466669714	-0.0009686577348568529	0.0013543754995475996	1.12303865	30.65895271	0.95725462	0.08863952531149613	0.0242999	0.00066
0.0343	-0.0786	-0.102	-0.00850149878646438	-0.0009128071987930344	0.001298524963483781	1.0516963	28.71130753	0.94123694	0.03287875959474386	0.0247644	0.0007
0.0305	-0.0204	-0.1231	-0.00927642497434986	-0.0005550147021341969	0.0016126842288427606	1.04619062	28.56100464	0.95210604	0.15544389749516488	0.0282941	0.0009
0.0359	-0.063	-0.1637	-0.008979719001510825	-0.0007696902001294993	0.0014870205226991688	1.21421778	33.14814377	0.96175543	0.12045225884889645	0.0283334	0.00081
0.0406	-0.1101	-0.1187	-0.009325294193405703	-0.000705113017805709	0.0015463617172669759	1.21279871	33.10940552	0.97246641	0.12027467843932375	0.02667	0.00069
0.0449	-0.0749	-0.1032	-0.009046041513086609	-0.0011536626355682519	0.001509709802975095	1.18725359	32.41202164	0.97485157	0.09322271061867586	0.0266319	0.00079
0.0462	-0.0501	-0.1158	-0.008676031711663812	-0.0011414453308042916	0.0019530234329816546	1.16946769	31.92646599	0.98248492	0.07997703680966582	0.026367	0.00061
0.0482	-0.0265	-0.1339	-0.009442231253289324	-0.0010821041362364843	0.0019826940302655584	1.03813875	28.34118652	0.94802864	0.08646056667386115	0.0289727	0.00088
0.0493	-0.0621	-0.1429	-0.009349728802933622	-0.001239183768915974	0.0016231562043547262	1.19606495	32.65257263	0.95222821	0.0761559954473012	0.0281016	0.00085
0.0488	-0.1361	-0.113	-0.009749409201640325	-0.0010803588069844899	0.0015969762655748114	1.23465919	33.70619583	1.0167271	0.13363426497090505	0.0278389	0.00081
0.0444	-0.1104	-0.1058	-0.010220648099678794	-0.0008970992355250854	0.0017418385934903407	1.18085396	32.23731232	0.96605228	0.07726803987067013	0.0280923	0.0009
0.0462	-0.0754	-0.1048	-0.010072295113259275	-0.0011379546723003027	0.0017715091907742446	1.13838398	31.07788277	0.97564353	0.05874395102393197	0.0280709	0.00093
0.0461	-0.1331	-0.0989	-0.009428268619273369	-0.0010821041362364843	0.0015166911199830724	1.07150161	29.25199318	0.9778408	0.11143475504204486	0.0288411	0.00075
0.0428	-0.1031	-0.092	-0.009728465250616393	-0.0008482300164692441	0.0014974924982111347	1.05670536	28.84805489	0.96545243	0.0678634686441101	0.0292024	0.00091
0.0349	0.0048	-0.1237	-0.008815658051823359	-0.00047123889803846896	0.001377064779823526	1.19287515	32.56549072	1.02030133	0.21801130178057085	0.0269235	0.00099
0.023	0.0144	-0.1792	-0.007642796794483169	-0.0007190756518216638	0.0009285151620609833	1.16350162	31.76359177	1.02375881	0.17046238144429637	0.0262008	0.00081
0.0322	-0.1492	-0.1289	-0.007661995416255106	-0.0007347836150896127	0.0011309733552923255	1.19112837	32.51780319	1.09006109	0.23496823891356147	0.0222833	0.00049
0.0422	-0.095	-0.0755	-0.006510078109938849	-0.0006702064327658224	0.0012304571226560022	1.22743535	33.50898361	1.03448973	0.18339891280018625	0.0224321	0.00079
0.0231	-0.1487	-0.095	-0.00753458638085952	-0.00041015237421866745	0.000874409955249159	1.34562194	36.73547745	1.1048249	0.1743304748437335	0.0213212	0.00039
0.0175	-0.0464	-0.1023	-0.0066043258895465435	-0.0003385938748868999	0.0006667157742618339	1.19592869	32.6488533	1.00929528	0.17567565858160347	0.0209473	0.00037
0.0241	-0.1331	-0.085	-0.007258824359044416	-4.537856055185256e-05	0.0009634217471008699	1.03184593	28.16939354	0.94887266	0.17282098783359778	0.0191375	0.00033
0.0293	-0.0386	-0.1366	-0.008168140899333463	0.00028099800957108706	0.0016912240451825054	1.14343333	31.21572876	0.99648583	0.24947477042468108	0.0240402	0.00069
0.0293	-0.083	-0.1832	-0.0077440258910988395	0.0003647738136668148	0.0014014993893514465	1.24282074	33.92900467	0.98775213	0.13088077340807047	0.0239995	0.00121
0.0384	-0.1511	-0.1753	-0.0073844880651880085	-0.0003351032163829112	0.0011274826967883368	1.27206933	34.72749329	1.03705998	0.15177157742618333	0.0224814	0.00079
0.0357	-0.1173	-0.1364	-0.006983062337229313	-0.0005445427266222308	0.0009407324668249436	1.28140831	34.98244476	1.06325905	0.11528077340807044	0.0198798	0.00028
0.0393	-0.0764	-0.1501	-0.0070912727508529606	-0.0009162978572970229	0.0007155849933176752	1.16446805	31.78997803	0.95705684	0.09345565089028544	0.0199376	0.00033
0.0292	-0.0554	-0.1655	-0.0074124133332199174	-0.00021118483949131387	0.0010995574287564276	1.08361948	29.58280945	0.96339788	0.11701130178057093	0.0200505	0.00025
0.0312	-0.1113	-0.1593	-0.006899286533133583	-0.0003351032163829112	0.000783652834145454	1.08799386	29.70223236	0.96589546	0.11174748857944526	0.0189738	0.00019
0.0298	-0.0753	-0.1422	-0.0062447880636357115	-0.00021642082724729686	0.00062482787221397	1.18936872	32.46976471	0.99350622	0.10110029102824848	0.0181359	0.00036
0.0226	-0.0189	-0.1532	-0.006805038753525891	-1.9198621771937625e-05	0.0009913470151327792	1.31649816	35.94039917	1.00948905	0.1307996019142174	0.0199493	0.00024
0.0235	-0.0815	-0.1761	-0.00700226095900125	-0.000296705972839036	0.0009651670763528643	1.18271744	32.28818512	0.98266502	0.11144547476611857	0.0219283	0.00021
0.0266	-0.1105	-0.154	-0.006984807666481306	-0.0005148721293383271	0.000710349005561692	1.05971336	28.93017387	0.94382886	0.07872187599052037	0.018653	0.00025
0.0278	-0.0751	-0.1365	-0.007173303225696694	-0.00038397243543875244	0.0006876597252857658	1.07457674	29.33594322	0.9601103	0.07120422666954443	0.0191125	0.00031
0.0224	-0.0118	-0.1535	-0.008072147790473773	-6.9813170079773176e-06	0.000900589894029074	1.1525141	31.46363258	0.97938646	0.16013829259755813	0.0221009	0.00027
0.0054	-0.0088	-0.1853	-0.007831292353698557	9.948376736367679e-05	0.0007609635538695277	1.13549173	30.99892235	0.98234668	0.07614734306532085	0.0216849	0.00024
0.0079	-0.0744	-0.1749	-0.007360053455660089	-0.00047647488579445195	0.00046949356878647465	1.09953272	30.01724243	0.98438522	0.14543337681398247	0.0199779	0.00025
0.0123	-0.0689	-0.1512	-0.006658431096358368	-0.0007086036763096977	0.0005637413483941684	1.17095208	31.96698952	0.97025142	0.084999946471233	0.0174226	0.00025
0.0142	-0.0361	-0.1737	-0.0064228116473391324	-0.0008185594191853405	0.00047822021504644627	1.0700357	29.2119751	0.95356493	0.07875481626213	0.0195689	0.00021
0.0104	-0.046	-0.2107	-0.006867870606597688	-0.00042236967898262774	0.0007766715171374765	1.08415055	29.59730911	0.98373323	0.10768500007761492	0.0233734	0.00019
0.0137	0.0519	-0.241	-0.007028440897781166	-0.00042236967898262774	0.000895353906273091	1.31108391	35.79259109	1.05156304	0.1454626340159546	0.0271214	0.00057
0.0227	-0.0254	-0.2054	-0.006836454680061789	-0.0005724679946541401	0.0008098327729253688	1.25239301	34.19032669	1.00362588	0.1432802833369306	0.0219112	0.00031
0.0154	-0.0258	-0.1793	-0.006901031862385578	-0.0006318091892219474	0.0008429940287132613	1.24756193	34.05844116	0.96106879	0.04165398163397447	0.0200911	0.00027
-0.0021	0.005	-0.2058	-0.007513642429835589	-0.0002652900463031381	0.0009965830028887623	1.11466706	30.43040848	0.99464879	0.13143593422721608	0.0231192	0.0003
0.0073	-0.0412	-0.2303	-0.00740543201621194	-9.075712110370512e-05	0.000895353906273091	1.07292092	29.29073906	0.94371027	0.09929862177193763	0.0228822	0.00019
0.0194	-0.0448	-0.2122	-0.006981317007977318	-0.00028274333882308137	0.0010384709049366262	1.11416185	30.41661835	0.95528023	0.07176091123087665	0.021722	0.0004
0.0126	-0.1155	-0.1481	-0.008532914713000278	-8.726646259971648e-06	0.0010070549784007281	1.46766627	40.06728745	1.21902185	0.23445151620609836	0.0226281	0.00207
0.0185	0.0135	-0.2115	-0.00628842129493557	-0.00014137166941154068	0.0012479104151759456	1.5056231	41.103508	1.26926511	0.32919969389957465	0.0223152	0.00025
0.0131	-0.0142	-0.2632	-0.006473426195646968	-0.00019198621771937622	0.0010663961729685354	1.12723458	30.77350235	1.02339936	0.1056566845613322	0.0253927	0.00051
0.0166	-0.077	-0.2461	-0.0065554566704907015	-0.000460766922526503	0.000932005820564972	1.05643368	28.84063911	0.96263342	0.10766007660272112	0.0234867	0.00028
0.0169	-0.0723	-0.2203	-0.0067369709126981125	-0.0004939281783143952	0.0008237954069413235	1.17918849	32.19184494	0.99058909	0.04694429558094759	0.0240776	0.00034
0.0052	-0.0363	-0.2125	-0.0070528755073090855	-0.0006213372137099814	0.000460766922526503	1.20896471	33.00473404	1.02043664	0.095817105721069	0.0223773	0.00024
0.0236	0.0105	-0.2549	-0.006021385919380436	-9.948376736367679e-05	0.0007504915783575615	1.23633158	33.75185013	1.08640262	0.19975338450530064	0.0273136	0.00055
-0.0169	-0.0939	-0.0813	-0.005866051615952942	-0.00023212879051524583	0.0004380776422505767	1.3558712	37.01528168	1.23217812	0.3485196631343024	0.0151095	0.00037
-0.0427	-0.0624	0.0579	-0.004961971063419879	-0.00030368728984701333	0.0009896016858807848	1.2122246	33.09373093	1.13427835	0.27285815477475195	0.0132101	0.00096
-0.0503	-0.0456	0.167	-0.004576253298729132	0.0004363323129985824	0.0008255407361933179	1.13313425	30.93456268	1.07145868	0.19798991586119044	0.0157714	0.00193
-0.0451	-0.1059	0.064	-0.003572688978832392	-4.886921905584123e-05	0.0005096361415823442	1.15889239	31.63776016	1.16706617	0.25873352232810687	0.0138265	0.00043
-0.0359	-0.1341	-0.0163	-0.003560471674068432	0.00012042771838760874	0.0005358160803622592	1.08452404	29.60750389	1.02095603	0.12808470904936622	0.0126592	0.00027
-0.0303	-0.0553	-0.0755	-0.004344124508213886	0.0002548180707911721	0.000598647933434055	1.49330199	40.76714325	1.02537632	0.19264375198104064	0.0144442	0.00063
-0.0181	-0.0276	-0.1771	-0.005330235535590682	-1.2217304763960308e-05	0.00030194196059501896	1.45369732	39.68593597	1.15933792	0.21899261878854823	0.0223245	0.00042
-0.01	-0.0631	-0.2647	-0.006911503837897546	-0.0005969026041820607	6.45771823237902e-05	1.41352224	38.5891571	1.18336914	0.25136591899980965	0.0272528	0.00112
-0.008	-0.0476	-0.2763	-0.006529276731710787	-0.0005916666164260777	0.00032637657012293966	1.29451013	35.34012604	1.02123317	0.06156312408709456	0.0278985	0.00109
-0.012	-0.0361	-0.2533	-0.0067369709126981125	-0.0009145525280450286	0.00032637657012293966	1.31537139	35.90963745	0.98546278	0.06502900463031377	0.0278581	0.00111
-0.0233	-0.0549	-0.1997	-0.006225589441863773	-0.0015132004614790836	0.0002373647782712288	1.26916921	34.64831924	0.99743621	0.1436520598060053	0.0227054	0.00051
-0.0262	-0.0697	-0.1691	-0.005888740896228867	-0.0013700834628155487	0.000296705972839036	1.11216855	30.36219978	0.94762384	0.0752653369433124	0.0199757	0.00045
-0.0296	-0.0009	-0.1631	-0.00623257075887175	-0.0013386675362796509	0.000317649923862968	1.3428719	36.66040039	0.99935405	0.09800948701013565	0.0232355	0.00123
-0.026	-0.0322	-0.143	-0.006785840131753953	-0.0013142329267517303	0.0005480333851262194	1.36022615	37.13417435	0.99893767	0.09540437218366872	0.0215293	0.00096
-0.0268	-0.1553	-0.1259	-0.006836454680061789	-0.0012130038301360591	0.0006806784082777885	1.22088051	33.33003616	1.02250171	0.15522443340375375	0.0194598	0.00093
-0.0219	-0.0317	-0.1417	-0.006839945338565778	-0.0011135200627723821	0.000731292956585624	1.09135962	29.79411697	0.98491809	0.1519794487087751	0.0210535	0.00084
-0.016	-0.1235	-0.1588	-0.006846926655573755	-0.0011746065865921838	0.0006492624817418905	1.24575198	34.00902939	0.98423615	0.1223049157835756	0.0218873	0.00106
-0.0135	-0.0482	-0.1607	-0.007134905982152819	-0.0014416419621473165	0.0005061454830783556	1.2930367	35.29990005	1.00079236	0.1146065850398866	0.0251726	0.00165
-0.0105	0.0069	-0.1521	-0.006778858814745977	-0.0011327186845443199	0.000778416846389471	1.26065409	34.41585541	1.00076952	0.11356209041604769	0.0239602	0.00147
-0.0169	-0.0204	-0.1492	-0.006665412413366345	-0.001048942880448592	0.0004380776422505767	1.06212449	28.99599648	0.96776555	0.06347807048071269	0.0231279	0.00114
-0.0044	-0.0556	-0.1339	-0.006869615935849681	-0.0010175269539126942	0.0005480333851262194	1.07306468	29.29466629	0.94180309	0.08027875959474377	0.0212007	0.00093
-0.0016	-0.0436	-0.1212	-0.006916739825653527	-0.0010140362954087054	0.0006649704450098395	1.15733969	31.59537125	0.95576286	0.03587758040957276	0.0202566	0.0009
0.0008	-0.0746	-0.0765	-0.0071959925059726215	-0.0008011061266653974	0.0007138396640656808	1.23008168	33.58123016	0.98271125	0.10515260340591216	0.0190065	0.00052
0.0058	-0.1028	-0.0747	-0.0068975412038815905	-0.0008552113334772215	0.0008185594191853405	1.1941905	32.60139847	0.95387895	0.05786381320112573	0.0171785	0.00048
0.0027	-0.0687	-0.0749	-0.0066165431943105025	-0.000874409955249159	0.0007417649320975902	1.08940649	29.74079704	0.96451935	0.05624955592153879	0.0160797	0.0004
0.0143	-0.1257	-0.0876	-0.006686356364390277	-0.0012112585008840647	0.000661479786505851	1.04704106	28.58422089	0.92974202	0.10564734306532096	0.0157597	0.00024
0.0214	-0.114	-0.0605	-0.007332128187628178	-0.001668534764906579	0.000726056968829641	1.22778463	33.51852036	0.97844689	0.10428126347921025	0.0161917	0.00034
0.0344	-0.1011	-0.0316	-0.007084291433844983	-0.0015550883635269475	0.000726056968829641	1.22288275	33.38469696	0.98779131	0.07286415775814134	0.0157745	0.00022
0.0312	-0.0827	-0.0586	-0.007485717161803679	-0.0016807520696705393	0.0010053096491487337	1.21003461	33.03394318	0.98374695	0.08891710572106903	0.0154192	0.0003
0.0349	-0.1025	-0.0727	-0.007496189137315645	-0.0015690509975429022	0.0009878563566287904	1.03245282	28.18596268	0.92522806	0.04458131700797732	0.0153207	0.00013
0.0349	-0.1689	-0.0446	-0.0076724673917670716	-0.0016126842288427606	0.0010960667702524388	1.18809593	32.43501663	0.95107866	0.11090609496874664	0.0149643	0.00016
0.034	-0.1371	-0.0363	-0.00761487152645126	-0.001837831702350029	0.0009896016858807848	1.22537899	33.45284653	0.97163528	0.06046042115973671	0.0151956	0.00027
0.0283	-0.1015	-0.0547	-0.007227408432508519	-0.0013473941825396225	0.0009826203688728075	1.20598447	32.92337418	0.97866278	0.10394409653805624	0.0138625	0.00013
0.0162	-0.1095	-0.0862	-0.006152285613280011	-0.000879645943005142	0.0008691739674931761	1.13972187	31.11440659	1.01267519	0.13441587300713098	0.0133225	0.00028
0.0144	-0.1617	-0.0775	-0.007358308126408092	-0.00119729586686811	0.000804596785169386	1.07971394	29.47618866	0.97151154	0.14211248096574194	0.0141498	0.0001
0.0209	-0.1686	-0.0594	-0.007449065247511799	-0.0013177235852557187	0.0007592182246175333	1.09591722	29.91853905	0.95667002	0.04432817000215838	0.0153535	0.00018
0.0178	-0.0968	-0.0683	-0.0071959925059726215	-0.001462585913171248	0.0007190756518216638	1.19264495	32.55920792	1.00639145	0.1057038821125288	0.0167135	0.00049
0.0103	-0.0848	-0.0828	-0.007623598172711231	-0.0013002702927357754	0.0009878563566287904	1.15779912	31.60791588	0.96934683	0.07693509959906045	0.0165061	0.00033
0.0092	-0.1082	-0.1221	-0.007272786993060372	-0.0016336281798666925	0.0007068583470577034	1.05514801	28.80554008	0.95435952	0.1120583538176432	0.0185062	0.00018
0.0188	-0.1834	-0.085	-0.00732863752912419	-0.001637118838370681	0.0007452555906015787	1.08439553	29.60399628	0.97116999	0.12678692190558408	0.0152942	0.00015
0.0181	-0.1871	-0.0774	-0.007192501847468633	-0.0015498523757709647	0.0007452555906015787	1.09770167	29.96725464	0.92603403	0.023170107212763632	0.0158697	0.00022
0.0127	-0.0936	-0.1056	-0.007169812567192705	-0.0012950343049797925	0.0009075712110370514	1.24231625	33.91523361	1.0200629	0.1490911485751286	0.0164335	0.00025
0.011	-0.1044	-0.1195	-0.007246607054280456	-0.0014433872913993105	0.0008307767239493009	1.11216843	30.36219597	0.94547062	0.04149709802975097	0.0165094	0.00012
0.0122	-0.1942	-0.0823	-0.006873106594353669	-0.0017610372152622785	0.0007906341511534313	1.21216559	33.09212112	0.98698449	0.16476464782928127	0.0147521	0.00018
0.0133	-0.1507	-0.0458	-0.007070328799829028	-0.0018291050560900572	0.0007487462491055673	1.09966576	30.02087593	0.95799159	0.09645889741755008	0.0138193	0.00021
0.0145	-0.1423	-0.0575	-0.007602654221687299	-0.0011623892818282235	0.0011327186845443199	1.03510213	28.25828743	0.93967141	0.10045068157794285	0.0144461	0.00012
0.0193	-0.1169	-0.0718	-0.00765152344074314	-0.0014049900478554352	0.0011397000015522971	1.13521314	30.99131775	0.91993492	0.05942256510455151	0.0148656	0.00027
0.0226	-0.2071	-0.061	-0.007606144880191289	-0.0013281955607676848	0.000973893722612836	1.15637791	31.56911659	0.962582	0.11869896632895315	0.0146563	0.00028
0.0198	-0.1274	-0.1371	-0.0042603487041181585	-0.0010925761117484504	0.000752236907609556	1.45936882	39.84076691	1.28080947	0.34875362200478227	0.0178238	0.00142
0.016	-0.1247	-0.156	-0.0027715828521669953	0.00035430183815484887	0.00017278759594743863	1.45671368	39.76828384	1.30359664	0.20115465567582896	0.0201202	0.00151
0.0434	-0.0894	-0.1883	-0.004839798015780276	0.0003385938748868999	0.0018657569703819383	1.31544483	35.91164398	1.19536515	0.28384462506578645	0.0201193	0.00048
0.0473	-0.0474	-0.2185	-0.0022026055160168437	0.0007871434926494425	0.0017645278737662671	1.36806571	37.34819412	1.19754236	0.23544856070708228	0.025562	0.00114
0.0808	-0.0924	-0.1655	-0.004525638750421296	0.0007679448708775049	0.002118829711921116	1.42226803	38.82791519	1.15070181	0.2663266847165619	0.0185317	0.00024
0.0747	-0.1052	-0.1664	-0.005024802916491674	0.00023561944901923448	0.002040289895581371	1.307073	35.68309021	1.02524021	0.07530147021341968	0.0175661	0.00027
0.0663	-0.0363	-0.1799	-0.0050893800988154655	0.00046425758103049166	0.0020996310901491783	0.99589407	27.18790817	0.92298436	0.10842782544514278	0.0189931	0.00046
0.0728	-0.2478	-0.1517	-0.005599016240397809	0.00037524578917878077	0.002228785454796759	1.18847716	32.44542694	1.09382971	0.2825901149040817	0.0167472	0.00055
0.0654	-0.1763	-0.1044	-0.005890486225480862	-2.6179938779914945e-05	0.0019687313962496035	1.05233407	28.7287178	0.96285174	0.17384748857944518	0.0150496	0.00033
0.064	-0.1837	-0.0863	-0.006291911953439557	-0.00012740903539558605	0.0020263272615654165	1.05961931	28.92760658	0.95009476	0.054912534494508974	0.0139514	0.00025
0.0641	-0.1857	-0.1244	-0.006124360345248102	-2.792526803190927e-05	0.0020280725908174107	1.10923469	30.2821064	0.99922299	0.053639035240356285	0.0158707	0.00024
0.0686	-0.1712	-0.1418	-0.005759586531581288	-0.00035430183815484887	0.001839577031602023	1.04444623	28.51338196	0.94311261	0.08038229715025708	0.0152572	0.00024
0.0698	-0.2007	-0.1147	-0.0058416170064250214	-0.00038048177693476387	0.0017819811662862105	1.08616495	29.6523037	0.94290721	0.06609031394697307	0.0156163	0.00022
0.0665	-0.1617	-0.1118	-0.006295402611943547	-0.0003647738136668148	0.0018657569703819383	1.02811241	28.06746674	0.91425578	0.07286346864411011	0.014948	3e-05
0.0436	-0.0939	-0.1605	-0.007026695568529171	0.00012217304763960306	0.001785471824790199	1.30772293	35.70083618	0.98802301	0.20432624817418904	0.0185643	0.00046
0.0482	-0.1249	-0.1709	-0.006476916854150957	-0.0003769911184307752	0.0016301375213627037	1.12391353	30.68283844	0.95425364	0.1062138591938044	0.0182436	0.00043
0.0505	-0.1507	-0.1426	-0.007436847942747837	-0.000635299847725936	0.0013718287920675431	1.21142185	33.07181549	1.00202407	0.1302274273593601	0.0186279	0.00027
0.064	-0.1877	-0.1139	-0.0069481557521894255	-0.0010210176124166828	0.001579522973054868	1.19825137	32.7122612	0.98850932	0.13330520681182417	0.0159876	0.00012
0.0604	-0.1587	-0.1026	-0.008004079949645995	-0.0009372418083209549	0.0018867009214058703	1.14031553	31.13061333	0.96570166	0.11624389749516494	0.0165892	0.00018
0.0512	-0.1271	-0.123	-0.008316493885752979	-0.00042411500823462205	0.0017156586547104257	1.0327872	28.19508934	0.94175168	0.11102915014443812	0.0170239	0.00012
0.0523	-0.1263	-0.1388	-0.007340854833888149	-0.0007801621756414653	0.0013421581947836393	1.02000165	27.84604454	0.93403867	0.102959333959923	0.0165642	0.0001
0.0542	-0.1985	-0.1351	-0.006951646410693414	-0.0006946410422937432	0.0013683381335635543	1.13464117	30.97570419	0.97016865	0.1028454747661186	0.0167339	0.00021
0.0467	-0.1422	-0.1116	-0.007468263869283736	-0.000726056968829641	0.001270599695451872	1.20174193	32.80755234	0.9931026	0.11958859116189512	0.0161634	0.00028
0.0266	-0.1048	-0.1305	-0.007625343501963226	-0.0005899212871740833	0.0013892820845874865	1.20441365	32.88049316	0.98025017	0.09699488517353311	0.0172172	0.00019
0.0355	-0.1408	-0.1412	-0.006916739825653527	-0.000879645943005142	0.0014695672301792255	1.05960894	28.9273243	0.95631205	0.1095306738866248	0.0162307	0.00016
0.0435	-0.2233	-0.109	-0.007244861725028462	-0.0010000736613927507	0.0014643312424232424	1.11337364	30.39509964	0.9895367	0.1453892802759263	0.0163294	0.00013
0.0509	-0.1236	-0.0989	-0.006899286533133583	-0.0012409290981679683	0.001424188669627373	1.2224412	33.37264252	0.99061882	0.14852866007329826	0.0158749	0.00031
0.0498	-0.1157	-0.0908	-0.007176793884200683	-0.0011763519158441782	0.0018901915799098587	1.21932399	33.28754425	0.98255801	0.057504372183668766	0.0145451	0.00022
0.0497	-0.1624	-0.1058	-0.006934193118173471	-0.0011065387457644049	0.0018360863730980347	1.13171113	30.8957119	0.94753449	0.08012595714594045	0.0139214	0.00018
0.06	-0.1617	-0.1074	-0.007239625737272479	-0.001556833692778942	0.0016772614111665507	1.08828807	29.7102623	0.92684276	0.058327626402251406	0.0151682	0.00027
0.0614	-0.1396	-0.114	-0.007305948248848264	-0.0013072516097437528	0.0016650441064025902	1.03803909	28.33846664	0.92530389	0.046506094968746754	0.0152489	9e-05
0.0511	-0.1376	-0.123	-0.006956882398449398	-0.0009965830028887623	0.0017680185322702558	1.14436936	31.24128151	0.93632383	0.059435444156076093	0.0163836	0.00013
0.0408	-0.1199	-0.1144	-0.0074228853087318835	-0.0006527531402458793	0.001932079481957723	1.21417439	33.14696121	0.98276459	0.08529468613064177	0.0157974	0.00024
0.0525	-0.1292	-0.1206	-0.006981317007977318	-0.000890117918517108	0.0017976891295541592	1.15615308	31.56297874	0.94590438	0.06786617157146789	0.0154765	0.00019
0.0547	-0.1291	-0.1061	-0.00676838683923401	-0.0011798425743481666	0.0017034413499464657	1.16682816	31.85440826	0.94611807	0.04664513020910304	0.0149063	0.0001
0.0523	-0.1622	-0.1051	-0.006675884388878311	-0.0010245082709206715	0.0017697638615222502	1.07004678	29.21227646	0.95316029	0.05220796326794896	0.0141547	0.00012
0.0586	-0.0543	-0.1142	-0.007710864635310948	-0.0009669124056048585	0.002234021442552742	1.34865785	36.81835938	1.0256359	0.20114168463894716	0.0171726	0.00034
0.0684	-0.1399	-0.1368	-0.00724835238353245	-0.001075122819228507	0.0021258110289290935	1.25519395	34.2667923	0.99439466	0.15194665395128976	0.016752	0.00027
0.0729	-0.1742	-0.1501	-0.006866125277345693	-0.001281071670963838	0.0020210912738094335	1.2101388	33.03678894	0.98852717	0.08674478565208739	0.0173228	0.00021
0.0724	-0.1584	-0.1393	-0.006843435997069766	-0.0011903145498601325	0.002050761871093337	1.1167655	30.4876976	0.97708577	0.03425584993317679	0.016073	0.00015
0.0657	-0.0958	-0.138	-0.00765152344074314	-0.0009302604913129776	0.0022863813201125715	1.02050245	27.85971451	0.93546461	0.13578804756198817	0.0174034	0.00021
0.0729	-0.1034	-0.1601	-0.007309438907352251	-0.001282817000215832	0.0022113321622768156	1.23524117	33.72208405	0.95275884	0.07538451000647498	0.0183214	0.00031
0.0773	-0.1559	-0.1462	-0.006867870606597688	-0.001462585913171248	0.0021327923459370708	1.18411076	32.32622147	0.95074711	0.1057938515024862	0.0169685	0.00015
0.0788	-0.1042	-0.1219	-0.006443755598363065	-0.0021135937241651332	0.0017976891295541592	1.17870891	32.1787529	0.95027042	0.148011301780571	0.0156698	0.00025
0.0715	-0.0905	-0.11	-0.007374016089676042	-0.0015550883635269475	0.002139773662945048	1.10408545	30.14153099	0.96578613	0.1244425192671026	0.0159277	0.00031
0.0694	-0.0817	-0.113	-0.007763224512870777	-0.0014643312424232424	0.0022165681500327986	1.02317727	27.93273735	0.92505426	0.04173800156930951	0.0166304	0.00025
0.0757	-0.1635	-0.1236	-0.007216936456996553	-0.0015655603390389136	0.0021048670779051613	1.25551152	34.2754631	1.01758774	0.13666091123087665	0.016884	0.00039
0.0763	-0.1151	-0.125	-0.0070476395195531024	-0.0014486232791552935	0.002078687139125246	1.2546128	34.25092697	0.96125692	0.06602069680534929	0.0172014	0.00033
0.0727	-0.0528	-0.1034	-0.00644201026911107	-0.0013526301702956054	0.0020856684561332234	1.21064758	33.05067825	0.98381012	0.12293018381548489	0.0147852	0.00022
0.0785	-0.1222	-0.0735	-0.0059306287982767315	-0.0010663961729685354	0.0020682151636132805	1.10810971	30.25139427	1.0155969	0.14585343803406758	0.0133006	0.00027
0.0853	-0.1715	-0.0685	-0.0060021872976084994	-0.0010314895879286487	0.0022479840765686964	1.07374108	29.31312943	0.96555994	0.07541169986635353	0.0126829	0.00019
0.086	-0.0936	-0.0745	-0.006541494036474748	-0.0009913470151327792	0.0023701571242082994	1.22977614	33.57288742	0.98028311	0.11968111796508604	0.0139331	0.0003
0.0799	-0.1015	-0.063	-0.006839945338565778	-0.000778416846389471	0.0025726153174396417	1.21281624	33.10988235	0.96874444	0.061191983203284034	0.0136144	0.00034
0.0885	-0.1273	-0.0713	-0.006510078109938849	-0.0009424777960769379	0.00249931148885588	1.12389421	30.6823101	0.94352926	0.07106160034490788	0.0135288	0.00028
0.0899	-0.1644	-0.0623	-0.006347762489503377	-0.0010681415022205296	0.0024312436480281013	1.12494099	30.71088791	0.94517867	0.06530235837034211	0.0137671	0.00027
0.0903	-0.1506	-0.0569	-0.006602580560294549	-0.000890117918517108	0.0025481807079117207	1.09275603	29.83223915	0.96948683	0.04708893571891064	0.0129812	0.00022
0.0818	-0.1255	-0.0796	-0.007152359274672762	-0.0005654866776461627	0.0026912977065752563	1.0177145	27.78360558	0.92395449	0.1071763476956347	0.0143341	0.0003
0.0993	-0.1782	-0.0336	-0.008075638448977763	-0.0009302604913129776	0.0027192229746071652	1.18891621	32.45741272	0.99623718	0.18199891280018624	0.0155424	0.00022
0.0944	-0.1861	-0.0299	-0.006522295414702809	-0.0008674286382411819	0.0025202554398798117	1.2089231	33.00360107	0.99838529	0.10725712110370512	0.0129122	0.00031
0.0848	-0.0893	-0.0674	-0.00601091394386847	-0.0007557275661135446	0.0025918139392115793	1.22858071	33.54025269	1.02111109	0.1786320521146872	0.0128245	0.00019
0.0743	-0.083	-0.0697	-0.006028367236388414	-0.0003874630939427412	0.002464404903815993	1.06457543	29.06291008	0.94233691	0.04475634000431667	0.0129152	0.0003
0.0889	-0.2226	-0.0894	-0.005609488215909776	-0.0009162978572970229	0.0023876104167282427	1.09162915	29.80147552	1.0199847	0.22512541354603344	0.0130725	0.00018
0.0926	-0.2191	-0.0579	-0.005433209961458348	-0.0009389871375729493	0.0024015730507441976	1.03064358	28.13656807	0.93430236	0.04934650843716545	0.0123299	0.00016
0.0963	-0.1502	-0.055	-0.005722934617289407	-0.0007487462491055673	0.00244695161129605	1.14615679	31.29008102	0.93187942	0.10176720524251465	0.0119883	0.00018
0.0911	-0.1352	-0.0576	-0.006141813637768045	-0.0008255407361933179	0.002490584842595908	1.18602908	32.37859344	0.94981931	0.049765336943312366	0.01278	0.00013
0.0996	-0.1362	-0.035	-0.0062290801003677615	-0.001048942880448592	0.002590068609959585	1.11614537	30.47076797	0.95070494	0.05260761871093336	0.0121411	0.00015
0.0997	-0.1179	-0.0405	-0.0055204764240580646	-0.0010890854532444615	0.0024870941840919192	1.15026879	31.40233612	0.9561655	0.06648603374866159	0.0123025	0.00012
0.0993	-0.1774	-0.0145	-0.005792747787369179	-0.0010070549784007281	0.0024748768793279594	1.10635376	30.20345688	0.95976327	0.1042259571459404	0.0111194	0.00016
0.086	-0.1434	-0.024	-0.00665144977935039	-0.0006161012259539982	0.002645919146023404	1.0692904	29.1916256	0.96362066	0.12783490055616928	0.0128381	0.00022
0.0845	-0.1819	-0.0458	-0.0063407811724954	-0.0005061454830783556	0.0025115287936198403	1.19788146	32.7021637	0.96936823	0.08955073510670979	0.0134273	0.00025
0.0839	-0.1293	-0.023	-0.006023131248632432	-0.0006667157742618339	0.0023876104167282427	1.20013106	32.76357651	0.96413288	0.10610692959690222	0.012879	0.00022
0.0857	-0.1345	0.0001	-0.005928883469024737	-0.000921533845053006	0.002380629099720265	1.18404341	32.32438278	0.94601856	0.04790235837034224	0.0116804	0.00013
0.0802	-0.1035	0.017	-0.0067648961807300215	-0.0007295476273336296	0.0028221974004748306	1.07645261	29.38715553	0.95290137	0.12687836150896137	0.0122256	0.00021
0.0848	-0.1284	-0.0005	-0.006302383928951523	-0.000926769832808989	0.002642428487519415	1.03654766	28.29775047	0.93270475	0.08897516851046366	0.0116663	0.00019
0.088	-0.2072	0.023	-0.006386159733047251	-0.0008133234314293575	0.002522000769131806	1.1985811	32.72126389	0.9654855	0.12138249619314843	0.0131095	0.00025
0.0854	-0.1538	0.0076	-0.006515314097694833	-0.0007086036763096977	0.002562143341927676	1.2030766	32.84399033	0.9620443	0.08510083462815557	0.0123524	0.00021
0.0865	-0.0974	-0.0219	-0.0063407811724954	-0.0009564404300928925	0.002637192499763432	1.19873869	32.72556686	0.99282059	0.11187094184091914	0.0115658	0.00016
0.0973	-0.1698	-0.0591	-0.005031784233499652	-0.0012147491593880533	0.0024399702942880727	1.09840596	29.98648262	1.00234407	0.20862639368831337	0.0125383	0.00022
0.0891	-0.1866	-0.0354	-0.004871213942316174	-0.0011885692206081383	0.002282890661608583	1.08792138	29.70025444	0.94576521	0.06589149313214411	0.0123446	0.00016
0.086	-0.1397	-0.0044	-0.005536184387326013	-0.0012601277199399059	0.002171189589480946	1.25244045	34.19162369	0.97932102	0.1234115008234622	0.0116189	0.00016
0.0945	-0.1497	-0.0316	-0.004630358505540956	-0.0010349802464326373	0.0021938788697568722	1.20983338	33.02845001	0.99841873	0.1033831317784126	0.0130141	0.00042
0.092	-0.1556	-0.0304	-0.003855432317655474	-0.0013334315485236678	0.0016964600329384882	1.1781534	32.16358566	0.97260429	0.08813981633974478	0.01262	0.00015
0.0929	-0.1415	-0.0001	-0.00481710873550435	-0.00102799892942466	0.002001892652037496	1.14450824	31.24507523	0.98079647	0.12392708280234456	0.0110929	0.00013
0.0556	-0.1539	-0.0337	-0.004892157893340105	-0.0008674286382411819	0.0018343410438460403	1.03809845	28.34008598	0.94171208	0.10345855286053449	0.0129416	0.00033
0.0033	-0.0632	-0.0743	-0.00409977841293468	-0.00035430183815484887	0.0017296212887263805	1.18777692	32.42630768	1.02180193	0.2541113017805709	0.0129788	0.00025
0.0159	-0.1387	-0.1838	-0.004431390970813603	-0.0005218534463463045	0.0012950343049797925	1.21382236	33.13734818	1.13112093	0.24428755749084827	0.0178728	0.00076
0.0212	-0.1539	-0.1655	-0.004537856055185257	-0.0006335545184739417	0.0013892820845874865	1.10043192	30.04179001	1.0406828	0.054420696805349285	0.0171704	0.0004
0.0324	-0.2051	-0.0513	-0.00554665636283798	-0.0005899212871740833	0.0017016960206944712	1.1988529	32.72868347	1.09833164	0.2448423737529783	0.0134009	0.00055
0.0449	-0.2115	-0.025	-0.005811946409141117	-0.00039095375244672985	0.0020682151636132805	1.24112856	33.88280869	1.03460634	0.08673883619746497	0.0136187	0.00045
0.059	-0.1793	-0.0299	-0.0065659286460026675	0.0005410520681182421	0.0029146998508305304	1.13960207	31.11113548	0.99883969	0.1778236372321886	0.0140227	0.00031
0.0648	-0.1878	-0.0275	-0.006143558967020039	0.0006387905062299246	0.0027366762671271086	1.20141101	32.79851913	0.95834186	0.051606585039886646	0.013172	0.00051
0.0711	-0.2521	-0.0032	-0.0058468529941810045	0.0007086036763096977	0.0028658306317746896	1.27466643	34.79839325	0.99110503	0.11968367537831942	0.0145965	0.00033
0.0818	-0.2149	0.0146	-0.005605997557405786	0.000466002910282486	0.002898991887562581	1.24365842	33.95187378	0.99410821	0.09153087292951603	0.0125012	0.00031
0.0813	-0.1981	0.0083	-0.006185446869067903	0.0005654866776461627	0.002874557278034661	1.10475385	30.15977859	0.9414982	0.058768384427685685	0.0119422	0.0003
0.0829	-0.1568	-0.0138	-0.006265732014659643	0.0005235987755982988	0.0028623399732707008	1.37427557	37.51772308	0.94763432	0.07171951762017817	0.0133315	0.00081
0.0882	-0.2145	0.0071	-0.005934119456780722	0.00043458698374658803	0.002874557278034661	1.30878496	35.72982788	0.98761882	0.10554208272472965	0.0148462	0.00064
0.0938	-0.2199	0.0211	-0.005653121447209634	0.0003822271061867582	0.002998475654926258	1.33626163	36.47994232	0.99894048	0.04786381320112576	0.0137494	0.00057
0.0863	-0.2097	0.0049	-0.006017895260876448	0.000450294947014537	0.003082251459021986	1.1445682	31.24671173	0.9840625	0.059730872929516045	0.0136992	0.00037
0.0882	-0.2063	0.0059	-0.006190682856823887	0.0003961897402027128	0.003040363556974122	1.19508457	32.62580872	0.9270218	0.019739035240356372	0.0133248	0.00039
0.0916	-0.221	0.0234	-0.005956808737056647	0.000317649923862968	0.0029269171555944902	1.22949612	33.56524277	0.96190994	0.056893016874330855	0.0141633	0.00042
0.0946	-0.2454	0.045	-0.005778785153353225	0.0002530727415391778	0.002892010570554604	1.19107556	32.51636124	0.94641048	0.06287536755335492	0.0145116	0.00049
0.0882	-0.1337	0.041	-0.00705462083656108	0.0001605702911834783	0.0031014500807939236	1.24945748	34.11018753	1.07654295	0.2009888821901437	0.0137677	0.00048
0.0926	-0.181	0.0318	-0.008780751466783471	0.0010821041362364843	0.00314857397059777	1.14599693	31.2857151	1.04566207	0.19563941825396217	0.0195162	0.00073
0.1021	-0.1502	0.0277	-0.010299187916018537	0.0016057029118347831	0.0031747539093776853	1.12621498	30.7456665	1.05031035	0.14781075818066397	0.0215192	0.00078
0.1112	-0.1949	0.0618	-0.008588765249064094	0.00048171087355043494	0.00364424747816416	1.19135952	32.5241127	1.07364922	0.25309541370126326	0.0168028	0.00037
0.0834	-0.18	0.043	-0.007473499857039719	-0.0005044001538263612	0.0033196162372932147	1.28288007	35.02262497	1.09679079	0.18280038301360577	0.015241	0.00049
0.0216	-0.1938	-0.0638	-0.005750859885321316	1.0471975511965975e-05	0.0019774580425095754	1.33329177	36.39886475	1.21317614	0.36138351479201847	0.0138602	0.00024
0.0609	-0.1272	-0.1149	-0.003988077340807043	0.0002722713633111154	0.0027454029133870805	1.23110819	33.60925293	1.07725051	0.2966263401595464	0.0168352	0.00075
0.0771	-0.1786	-0.0464	-0.004701917004872723	0.00012042771838760874	0.0028623399732707008	1.21438873	33.15281296	1.09255332	0.18523101844364037	0.0130295	0.00021
0.0735	-0.1278	-0.0603	-0.004143411644234539	0.0004433136300065597	0.0028693212902786776	1.07057512	29.22669983	0.9715802	0.1127186294632556	0.0132107	0.00033
0.0894	-0.1019	-0.0673	-0.004389503068765739	0.0007208209810736582	0.0034033920413889425	1.30634391	35.66318893	1.00476268	0.1016834763354282	0.0145046	0.00045
0.1066	-0.0955	-0.0698	-0.004539601384437251	0.000312413936106985	0.0036843900509600297	1.22417235	33.4199028	1.03077039	0.06807516851046362	0.0147763	0.00054
