Measure:mean	Left-Lateral-Ventricle	Left-Inf-Lat-Vent	Left-Cerebellum-White-Matter	Left-Cerebellum-Cortex	Left-Thalamus	Left-Caudate	Left-Putamen	Left-Pallidum	3rd-Ventricle	4th-Ventricle	Brain-Stem	Left-Hippocampus	Left-Amygdala	CSF	Left-Accumbens-area	Left-VentralDC	Left-vessel	Left-choroid-plexus	Right-Lateral-Ventricle	Right-Inf-Lat-Vent	Right-Cerebellum-White-Matter	Right-Cerebellum-Cortex	Right-Thalamus	Right-Caudate	Right-Putamen	Right-Pallidum	Right-Hippocampus	Right-Amygdala	Right-Accumbens-area	Right-VentralDC	Right-vessel	Right-choroid-plexus	5th-Ventricle	WM-hypointensities	Left-WM-hypointensities	Right-WM-hypointensities	non-WM-hypointensities	Left-non-WM-hypointensities	Right-non-WM-hypointensities	Optic-Chiasm	CC_Posterior	CC_Mid_Posterior	CC_Central	CC_Mid_Anterior	CC_Anterior
sub-02	15.3888	43.6919	83.8759	53.3391	85.6162	73.0098	81.168	99.8937	31.2192	16.3109	82.7636	58.9638	59.5999	36.5234	69.5315	91.2874	62.0	48.6	15.3168	36.7655	84.9465	54.7589	83.8341	71.2879	80.1921	98.6513	58.7135	58.5812	69.8274	90.4497	60.4	45.8706	0.0	69.455	0.0	0.0	0.0	0.0	0.0	74.4503	99.9481	91.9207	95.9277	98.434	101.5413
sub-03	17.7354	47.2321	83.8943	53.0779	83.1861	68.6463	77.2362	96.9838	33.5861	18.8782	83.2537	58.792	58.9016	33.0679	63.406	90.3801	59.2692	45.6193	22.8933	31.3266	82.2517	50.871	81.8695	67.8936	75.6711	94.3427	56.1556	57.983	63.9016	89.4581	51.8462	49.9967	0.0	69.8153	0.0	0.0	0.0	0.0	0.0	68.0638	102.5103	87.6438	96.3947	101.1281	103.0083
sub-04	16.8061	31.1931	84.3415	55.672	80.8508	69.8118	79.974	96.408	33.786	15.6848	82.5275	60.8082	59.43	32.5463	65.9592	88.8941	62.25	46.9797	27.2378	39.9711	84.2275	54.9935	80.093	70.8685	80.3862	97.1676	59.9657	59.8483	67.4669	89.4567	64.375	55.3501	0.0	70.9203	0.0	0.0	0.0	0.0	0.0	67.86	100.006	90.0238	88.966	94.0885	103.4958
sub-05	19.8945	34.4695	82.204	54.1777	82.0667	71.0391	80.7523	98.8052	33.991	16.7183	81.8851	57.5495	57.5794	33.7463	66.1576	89.8312	59.0	50.3941	18.8968	30.9109	81.4622	53.131	81.7484	69.6451	78.9164	96.5369	55.7283	58.0496	65.3364	89.2992	60.0	50.6641	0.0	70.263	0.0	0.0	0.0	0.0	0.0	69.2778	100.2822	94.0	94.0524	99.2547	102.3178
sub-06	15.47	37.7396	83.6805	55.6312	82.1274	66.9819	77.4685	96.433	29.75	17.4064	81.9614	59.595	58.6289	36.8353	63.5761	89.9088	56.0	45.7542	17.3491	35.0035	82.8562	54.1819	82.2246	66.6822	77.08	96.6509	58.9043	58.1243	66.5359	88.266	60.5	46.4973	0.0	68.0253	0.0	0.0	0.0	0.0	0.0	67.2435	96.7827	87.5519	94.928	97.8454	101.4616
sub-07	16.0997	37.8955	85.817	54.1997	82.6282	64.2606	76.5908	96.4704	31.5517	19.5201	83.5145	59.1024	59.1573	33.3484	63.2836	91.3852	55.8333	45.1763	18.7853	45.2212	83.1507	50.2593	80.3794	62.2598	74.4755	93.5635	56.7653	59.723	63.0903	90.329	55.25	43.9349	0.0	68.9836	0.0	0.0	0.0	0.0	0.0	66.7263	100.7841	89.8712	94.5774	93.2443	102.7736
sub-08	20.5944	43.887	82.8403	54.3349	87.1907	70.1447	80.6511	98.1838	31.699	20.2796	83.5196	60.5906	59.3273	32.3885	67.4305	93.3428	60.5789	46.9775	18.6254	39.1141	82.4252	53.1089	84.69	67.5614	78.5249	95.9233	59.7061	59.6739	67.1745	91.6964	55.6667	46.8845	0.0	63.9792	0.0	0.0	43.2	0.0	0.0	68.1474	98.1447	88.5516	94.3419	95.6977	99.5685
sub-09	15.3638	42.3036	82.8074	54.3786	85.4356	72.0006	81.3084	97.8434	32.1639	18.9185	83.4784	57.9641	59.2683	33.1474	68.9628	91.1077	59.0	45.2064	14.131	32.686	83.3265	53.1323	84.2052	71.0547	80.3652	97.5093	57.5881	58.5054	68.3754	90.4085	61.3333	43.2774	0.0	69.1907	0.0	0.0	0.0	0.0	0.0	68.7402	100.1443	87.0995	95.2516	99.7343	99.2098
sub-10	19.1241	41.618	83.9851	55.6219	83.7096	70.4646	79.275	97.7471	27.8211	20.3371	83.9856	58.8239	59.5433	31.0847	66.0736	90.2168	57.7895	48.9613	19.083	35.8	83.9253	54.6095	83.7093	68.658	78.1135	97.5799	57.761	58.2205	66.8306	89.5688	43.766	47.4784	0.0	67.2765	0.0	0.0	0.0	0.0	0.0	65.315	100.7326	93.4229	95.5564	97.924	102.1314
sub-11	15.8993	41.1193	84.0504	53.1725	84.1539	69.2938	79.7414	98.7863	24.9894	18.084	85.1416	60.0949	61.5946	35.1611	64.2279	92.6825	54.7091	46.5654	13.7674	38.7014	83.3585	51.7594	81.4224	68.8709	79.0996	97.5876	59.8012	62.7612	64.9624	91.4578	53.24	45.6732	0.0	66.009	0.0	0.0	0.0	0.0	0.0	71.3662	99.5939	94.7775	97.0037	96.814	98.7426
sub-12	18.1677	41.7531	85.0077	53.2506	89.0355	70.9535	80.9216	99.3435	29.9215	15.6993	84.8084	61.8743	60.4046	37.6411	65.521	92.1759	56.5714	47.8125	15.0804	43.3553	84.6162	51.2319	86.4175	69.5042	79.8702	98.3555	60.8382	60.23	66.3306	90.1547	59.0	46.7653	0.0	69.036	0.0	0.0	0.0	0.0	0.0	67.7347	100.9276	89.4226	97.39	96.7067	102.9954
sub-13	17.6291	41.4541	83.2746	54.4139	83.81	68.4802	78.18	97.0489	29.0998	19.7372	83.987	59.8703	58.0411	33.9732	66.8084	90.7707	60.6667	44.5649	19.1179	43.9307	83.4091	54.0897	84.0474	68.8398	78.0964	96.8436	58.9887	58.5919	66.421	89.9858	54.5714	46.3641	0.0	65.5832	0.0	0.0	0.0	0.0	0.0	69.81	100.9113	90.6294	91.9357	93.5888	103.1605
sub-14	15.9086	39.6475	83.3736	56.9384	85.7219	72.612	82.8186	98.433	27.6608	20.0448	83.3468	59.7668	60.5959	35.5096	67.0582	90.7468	56.8667	46.7201	15.5878	32.0906	84.5726	55.8107	85.008	71.1928	82.2951	99.3189	60.5659	61.001	69.1211	91.502	60.2	45.1471	0.0	67.4297	0.0	0.0	0.0	0.0	0.0	74.695	99.3106	90.7626	94.808	96.2521	100.7931
sub-15	20.2629	44.5045	83.6301	57.1453	86.5437	72.6042	83.1112	100.5115	35.1934	21.8638	83.6325	62.6802	62.2364	36.8982	68.5188	92.6711	60.0	46.9184	21.8031	43.8286	81.7472	54.7329	84.0515	70.439	80.6997	97.709	60.4038	61.0857	69.0048	91.0868	60.8889	47.4434	0.0	69.0321	0.0	0.0	0.0	0.0	0.0	70.2131	99.2175	87.5712	95.1192	96.9894	101.4822
sub-16	15.568	36.671	83.3797	51.7644	85.8291	70.5939	79.9852	98.7356	26.0699	20.0286	84.2917	62.2863	61.7186	35.8944	66.8443	92.7866	58.4	47.2081	19.5343	42.1407	83.5402	51.5045	84.5756	69.5173	78.9749	97.1476	61.5129	61.8297	67.8587	92.0328	60.0	47.119	0.0	68.9914	0.0	0.0	0.0	0.0	0.0	67.6667	96.9678	88.5295	92.2682	94.2295	99.5525
sub-17	22.7596	35.9396	85.4931	56.9222	83.5387	70.6934	80.4084	98.2292	35.8476	19.9497	84.2931	60.1672	56.7557	32.143	67.5709	90.7368	57.5	49.5056	20.7672	36.9722	85.9975	56.3676	82.4633	70.981	80.4179	96.7155	60.2897	58.3721	68.6312	89.9304	0.0	48.4123	0.0	69.0673	0.0	0.0	0.0	0.0	0.0	69.6807	102.2644	92.0406	96.4324	101.2754	104.6553
sub-18	16.6132	40.9053	84.8144	57.2424	85.6982	71.2905	81.2971	100.4415	26.3058	18.1076	82.7352	59.7335	58.5394	30.684	68.135	89.853	60.2222	46.2075	16.6318	30.7846	85.743	57.5388	84.9647	69.8494	79.0352	98.1749	59.8081	60.0572	68.5385	89.9082	49.1667	47.0472	0.0	65.4146	0.0	0.0	0.0	0.0	0.0	72.7583	99.3743	88.1089	90.7388	93.8008	101.2547
sub-19	15.5599	46.1059	83.8191	52.3896	84.4982	72.2207	81.1823	99.1712	33.203	19.7838	82.5589	60.5679	59.66	36.4309	69.4296	91.2098	62.4167	45.8589	15.8615	38.9916	83.7286	51.589	86.0279	72.4098	80.8823	99.0935	59.2571	59.4419	70.3289	89.9643	51.6	46.3144	0.0	68.0182	0.0	0.0	0.0	0.0	0.0	71.9196	99.563	86.5318	98.0748	99.1171	102.7838
sub-20	15.393	40.7868	83.1931	55.0141	83.7989	71.2887	80.0632	97.8381	29.9313	19.9703	80.9998	60.48	58.6515	37.4304	65.9949	87.8133	59.4545	46.1861	18.7798	34.8743	83.8996	54.3569	83.9726	69.7909	79.8549	97.6189	60.7133	59.2603	66.7811	87.9006	53.4737	46.425	0.0	68.5906	0.0	0.0	0.0	0.0	0.0	64.2773	103.1279	89.7056	99.0092	97.554	99.757
sub-21	30.8658	48.0288	81.7619	55.0669	88.2122	72.8535	81.1161	98.0572	38.803	21.4548	81.7163	60.0182	60.5137	43.9057	68.008	89.2942	0.0	51.8485	31.9733	36.7642	82.064	54.4417	85.8939	71.35	80.6708	98.3218	60.553	61.2483	67.6519	89.9184	59.6957	53.7491	0.0	69.0037	0.0	0.0	0.0	0.0	0.0	67.4944	100.9309	90.7077	92.4413	95.1467	102.8177
sub-22	32.3007	40.2399	83.802	55.413	84.6756	72.2883	79.732	99.3614	39.1957	20.5543	81.0313	58.0535	57.9938	40.3162	65.9877	89.6866	57.9375	52.9425	26.8427	37.6624	83.354	54.8522	83.6849	72.5249	78.1272	98.7533	57.9629	57.6376	67.6775	88.8379	59.0833	50.4411	0.0	70.9526	0.0	0.0	0.0	0.0	0.0	78.3554	101.6873	95.6507	91.9815	91.2809	105.0898
sub-23	20.7591	44.6724	83.831	54.5457	80.9462	69.2104	79.2162	97.7995	32.6513	21.3633	82.8516	59.4139	57.9523	31.7635	65.3808	90.0568	56.2941	49.3741	20.8352	38.8793	82.3555	53.2476	81.4663	68.575	78.6098	98.9706	57.7692	55.9109	66.8698	88.8095	60.0	48.2345	0.0	72.0086	0.0	0.0	0.0	0.0	0.0	69.913	100.7442	97.0524	93.2159	96.2817	104.3612
sub-24	14.5128	44.6188	80.911	50.2962	84.1524	71.175	80.2347	96.5394	27.6385	17.4754	81.8649	60.3342	63.1659	30.2634	64.976	90.5507	58.3333	43.589	14.044	41.1586	82.3344	51.5449	82.7756	70.1885	79.7205	96.2308	60.411	61.8867	67.7523	88.6556	60.8333	44.0754	0.0	69.7583	0.0	0.0	0.0	0.0	0.0	70.4583	98.8606	93.1763	99.4962	104.184	105.2829
sub-25	19.8107	43.4803	82.4452	55.3055	84.7658	72.3654	81.2903	97.0166	29.7017	17.2577	82.8237	61.792	61.7341	32.4085	67.6747	90.507	53.1707	46.962	20.0564	39.9143	82.5522	54.8747	83.6899	71.9906	81.1362	96.6923	60.2525	59.4239	68.7572	90.0892	60.3846	49.8974	0.0	69.7299	0.0	0.0	0.0	0.0	0.0	65.8796	102.5	92.3869	94.9545	97.471	106.7376
sub-26	14.2986	43.4402	83.6861	56.1444	84.9153	70.9501	80.3079	96.5165	33.3185	19.542	81.4546	59.3555	59.6392	34.3984	65.8538	90.9743	58.6667	45.1207	14.6894	35.0427	82.1717	54.0463	85.7339	70.1644	80.9976	97.8225	58.8173	59.1021	67.0163	90.5501	59.2174	46.1343	0.0	68.7901	0.0	0.0	0.0	0.0	0.0	65.5321	99.3423	90.4748	100.9519	98.8873	100.937
sub-27	17.8664	42.0029	86.147	55.9837	85.3068	76.1943	83.522	100.3152	30.9141	21.1281	84.2282	62.9003	62.481	40.7854	71.1319	90.7756	62.5	46.6555	19.4383	34.4247	86.1662	55.1834	85.2161	74.1898	83.3735	101.4807	63.4388	64.128	72.9871	90.7476	62.0	50.4453	0.0	66.7895	0.0	0.0	0.0	0.0	0.0	75.2436	97.616	89.2018	96.5009	98.9796	102.4238
sub-28	15.7149	42.7374	82.9861	53.7728	83.8605	68.8576	78.8305	96.8577	21.5472	18.1805	83.2565	59.8007	60.4416	31.1398	64.4291	89.4607	58.6667	47.0583	15.0162	41.0617	85.8785	55.2278	84.7236	68.259	79.9117	98.5617	60.33	60.7382	66.426	90.253	0.0	49.1526	0.0	68.9298	0.0	0.0	0.0	0.0	0.0	61.6596	100.0454	87.7245	96.2668	96.3344	99.2151
sub-29	14.6464	39.8163	84.2847	55.2757	85.6299	73.5266	84.5133	101.4073	24.3884	23.6227	83.5976	61.7919	61.723	30.749	67.2946	90.3165	60.4848	41.9769	16.8889	41.8871	84.0632	55.0098	84.8002	71.6693	82.6904	100.1183	60.9043	61.4832	68.6192	89.7176	51.7403	45.0273	0.0	68.2175	0.0	0.0	0.0	0.0	0.0	67.5547	99.7049	84.1987	97.5072	97.5273	100.2011
sub-30	14.9825	44.8515	84.1576	52.7083	82.4113	73.9877	84.0811	99.5147	23.4167	15.2667	82.4835	58.0863	60.1179	25.9915	64.8144	90.6888	62.1818	44.7516	14.9767	39.0769	85.5266	53.8306	82.0507	71.0356	83.7251	99.53	59.9814	60.3333	66.0265	90.4347	62.8333	47.801	0.0	70.637	0.0	0.0	0.0	0.0	0.0	61.8485	99.92	84.8211	99.0096	95.7933	105.1723
sub-31	37.6203	41.1259	84.2266	55.5933	84.3287	72.9555	80.3737	97.6357	42.5651	26.4189	82.7237	59.9023	57.9443	50.1673	67.1636	90.2433	50.5094	60.4906	30.7822	38.0	83.8781	54.7865	82.085	72.0694	79.5085	96.4127	58.1617	56.2961	67.2553	89.0372	59.7857	57.2323	0.0	72.3671	0.0	0.0	0.0	0.0	0.0	67.6067	101.8881	95.3345	97.1426	100.7479	101.9268
