rh.aparc.volume	rh_bankssts_volume	rh_caudalanteriorcingulate_volume	rh_caudalmiddlefrontal_volume	rh_cuneus_volume	rh_entorhinal_volume	rh_fusiform_volume	rh_inferiorparietal_volume	rh_inferiortemporal_volume	rh_isthmuscingulate_volume	rh_lateraloccipital_volume	rh_lateralorbitofrontal_volume	rh_lingual_volume	rh_medialorbitofrontal_volume	rh_middletemporal_volume	rh_parahippocampal_volume	rh_paracentral_volume	rh_parsopercularis_volume	rh_parsorbitalis_volume	rh_parstriangularis_volume	rh_pericalcarine_volume	rh_postcentral_volume	rh_posteriorcingulate_volume	rh_precentral_volume	rh_precuneus_volume	rh_rostralanteriorcingulate_volume	rh_rostralmiddlefrontal_volume	rh_superiorfrontal_volume	rh_superiorparietal_volume	rh_superiortemporal_volume	rh_supramarginal_volume	rh_frontalpole_volume	rh_temporalpole_volume	rh_transversetemporal_volume	rh_insula_volume
sub-02	1819.0	1683.0	6586.0	4337.0	1791.0	9740.0	16747.0	11097.0	3080.0	14732.0	7962.0	8432.0	6992.0	12673.0	2088.0	4139.0	4245.0	2690.0	3457.0	2539.0	10342.0	3310.0	15064.0	11408.0	1558.0	15593.0	23438.0	13790.0	11790.0	9272.0	1291.0	2642.0	764.0	8149.0
sub-03	2298.0	1021.0	6002.0	3137.0	1292.0	7759.0	14127.0	8693.0	2705.0	9412.0	7680.0	7172.0	5778.0	10530.0	1629.0	3730.0	4641.0	2637.0	4561.0	2505.0	9388.0	3441.0	13492.0	9858.0	1435.0	13700.0	21110.0	11171.0	11684.0	10662.0	1053.0	1878.0	909.0	6875.0
sub-04	2007.0	2251.0	5348.0	3245.0	2132.0	9688.0	15430.0	10606.0	2285.0	12357.0	8335.0	6696.0	6315.0	13216.0	1993.0	3785.0	4232.0	3103.0	4141.0	1957.0	9269.0	3883.0	13599.0	11662.0	2065.0	14862.0	22017.0	14323.0	12050.0	10700.0	1018.0	1900.0	1230.0	5844.0
sub-05	1955.0	1726.0	6415.0	2827.0	1414.0	7967.0	15217.0	8318.0	2307.0	12458.0	7060.0	6539.0	6038.0	9726.0	1779.0	3900.0	3397.0	2848.0	4065.0	1779.0	8986.0	3422.0	12411.0	10177.0	1409.0	13276.0	19917.0	12133.0	11097.0	9767.0	1057.0	2256.0	980.0	5963.0
sub-06	1836.0	2806.0	6991.0	3397.0	1887.0	10051.0	13841.0	9567.0	2564.0	11542.0	7812.0	6184.0	6102.0	10268.0	2332.0	4352.0	3863.0	3093.0	3447.0	2034.0	9023.0	3534.0	12667.0	9777.0	1967.0	17744.0	22592.0	13836.0	10954.0	8003.0	1238.0	2499.0	816.0	6572.0
sub-07	2348.0	2435.0	7323.0	3222.0	1675.0	9598.0	16775.0	10628.0	3018.0	12930.0	8433.0	6786.0	7441.0	13920.0	2125.0	4349.0	4405.0	3301.0	4106.0	1864.0	9416.0	4917.0	13752.0	11245.0	2690.0	17738.0	24226.0	14384.0	11979.0	13328.0	1285.0	2397.0	1106.0	7430.0
sub-08	2385.0	2402.0	7236.0	3479.0	2467.0	8687.0	16794.0	9899.0	2680.0	11848.0	8222.0	7301.0	7337.0	15774.0	2183.0	4699.0	3508.0	3487.0	4758.0	2299.0	8825.0	3731.0	15122.0	12335.0	2320.0	16568.0	27588.0	11744.0	13555.0	11088.0	1381.0	2296.0	1415.0	8212.0
sub-09	2300.0	3065.0	5476.0	3129.0	1902.0	10335.0	12141.0	11043.0	2452.0	9244.0	7310.0	6910.0	5977.0	12163.0	1871.0	3733.0	4207.0	2586.0	3983.0	2236.0	8617.0	3434.0	11533.0	10377.0	2701.0	15981.0	22821.0	13879.0	10742.0	11037.0	1455.0	2696.0	1014.0	7144.0
sub-10	1685.0	2063.0	5418.0	2950.0	2215.0	7554.0	13217.0	7779.0	2221.0	8884.0	6994.0	5562.0	5316.0	10357.0	1824.0	2967.0	3768.0	2416.0	3362.0	1553.0	7065.0	2674.0	10431.0	8974.0	2059.0	12094.0	17539.0	12349.0	9372.0	8935.0	1026.0	2297.0	807.0	6835.0
sub-11	1515.0	2117.0	6298.0	2988.0	2669.0	9699.0	15116.0	12057.0	2488.0	13226.0	8338.0	5500.0	6112.0	10756.0	1913.0	4093.0	3185.0	2972.0	4639.0	2162.0	8917.0	3617.0	12373.0	11073.0	1706.0	16232.0	26123.0	14600.0	11210.0	10968.0	1654.0	2714.0	1085.0	7208.0
sub-12	2283.0	1745.0	5896.0	2346.0	1795.0	8889.0	11781.0	10270.0	2188.0	10149.0	6689.0	4943.0	5100.0	10826.0	1954.0	2949.0	3297.0	2795.0	3933.0	1661.0	8309.0	2829.0	12372.0	8438.0	1406.0	12227.0	19143.0	10400.0	10332.0	10170.0	1071.0	2333.0	825.0	6844.0
sub-13	1816.0	2461.0	5962.0	3208.0	1928.0	7312.0	15296.0	8493.0	2450.0	10484.0	6520.0	7916.0	6186.0	11809.0	1951.0	5019.0	3582.0	2605.0	4191.0	2652.0	8886.0	3541.0	12658.0	9250.0	2253.0	14883.0	24951.0	11580.0	10733.0	10851.0	1137.0	2226.0	1160.0	6933.0
sub-14	2022.0	2521.0	7119.0	3925.0	2238.0	9845.0	16609.0	10509.0	2402.0	12373.0	8595.0	7183.0	6898.0	12920.0	1881.0	4560.0	4239.0	3052.0	5130.0	2721.0	9759.0	4084.0	15520.0	12765.0	1947.0	18059.0	26718.0	13844.0	13799.0	11770.0	1223.0	2850.0	1403.0	7972.0
sub-15	2427.0	2650.0	4045.0	2398.0	1860.0	9902.0	16225.0	10477.0	2290.0	10528.0	8126.0	6326.0	6690.0	10803.0	1947.0	3499.0	4455.0	2574.0	5783.0	1622.0	8994.0	3169.0	9639.0	10884.0	2538.0	14299.0	20522.0	12043.0	10788.0	12312.0	1440.0	3008.0	931.0	7174.0
sub-16	2270.0	2323.0	6497.0	2989.0	2004.0	9613.0	13243.0	11308.0	3165.0	12387.0	8506.0	8043.0	6898.0	12410.0	2105.0	3915.0	4507.0	3204.0	5197.0	1891.0	8134.0	3488.0	14561.0	12365.0	2058.0	19725.0	24951.0	12524.0	13326.0	11537.0	1243.0	2640.0	977.0	8811.0
sub-17	2299.0	1903.0	6039.0	3283.0	1818.0	10232.0	14203.0	9812.0	2447.0	15184.0	7454.0	5936.0	5816.0	11465.0	1932.0	4473.0	4688.0	3747.0	5056.0	2300.0	8620.0	3112.0	12287.0	8848.0	1876.0	17082.0	24870.0	11826.0	12661.0	10600.0	1416.0	2240.0	1230.0	7264.0
sub-18	1842.0	2370.0	4986.0	2896.0	2224.0	9789.0	12361.0	9265.0	2157.0	14769.0	7951.0	6247.0	6572.0	11281.0	1474.0	3726.0	3395.0	3278.0	3911.0	2142.0	8255.0	3013.0	13235.0	8313.0	2494.0	14950.0	21644.0	9964.0	10637.0	7982.0	1163.0	1953.0	866.0	7631.0
sub-19	2240.0	1636.0	5357.0	3177.0	1952.0	7255.0	12288.0	8730.0	2428.0	12287.0	7908.0	6587.0	6510.0	11988.0	1559.0	3589.0	4257.0	2805.0	4275.0	2204.0	9373.0	3222.0	12422.0	10309.0	1379.0	15134.0	22273.0	11571.0	11063.0	8665.0	1265.0	2424.0	978.0	6462.0
sub-20	1513.0	1913.0	5010.0	3104.0	2871.0	8496.0	10841.0	11300.0	2541.0	12565.0	7761.0	7960.0	5777.0	10788.0	1842.0	3734.0	3480.0	2964.0	4754.0	2225.0	8418.0	3323.0	13165.0	9292.0	2223.0	16661.0	20959.0	9414.0	10240.0	8242.0	1251.0	3284.0	727.0	7397.0
sub-21	3023.0	2404.0	5875.0	3988.0	1546.0	9077.0	16014.0	9868.0	2312.0	13138.0	8044.0	7548.0	5396.0	10982.0	2232.0	3773.0	3648.0	2501.0	4731.0	2544.0	9407.0	3250.0	13267.0	10757.0	2094.0	17204.0	24503.0	12079.0	13796.0	10166.0	1176.0	2297.0	1179.0	6469.0
sub-22	1967.0	1896.0	4915.0	3491.0	2677.0	8333.0	12009.0	11882.0	2226.0	12640.0	8233.0	5922.0	5925.0	12172.0	2065.0	3529.0	3001.0	3335.0	3392.0	2670.0	8377.0	2722.0	13084.0	9352.0	1996.0	15599.0	21684.0	12240.0	12243.0	9858.0	1280.0	2714.0	1012.0	6807.0
sub-23	2196.0	2875.0	5784.0	4273.0	2160.0	9909.0	12151.0	10367.0	2340.0	13387.0	8004.0	8332.0	6456.0	12547.0	2405.0	4364.0	4888.0	4178.0	6564.0	2445.0	10720.0	3353.0	17054.0	9027.0	2096.0	20001.0	26381.0	10555.0	14071.0	9138.0	1510.0	2763.0	1144.0	7419.0
sub-24	2232.0	1267.0	5992.0	3837.0	1489.0	8712.0	15241.0	9299.0	3133.0	14183.0	8384.0	8141.0	6485.0	13924.0	2375.0	3571.0	3778.0	3249.0	4212.0	2519.0	9541.0	2981.0	14848.0	10813.0	1490.0	19396.0	21584.0	13769.0	11821.0	10677.0	1158.0	1716.0	929.0	7515.0
sub-25	1848.0	1429.0	4483.0	2820.0	1871.0	8130.0	12328.0	9101.0	1909.0	9128.0	7157.0	5075.0	5445.0	9402.0	1734.0	3510.0	3801.0	2877.0	4891.0	1652.0	7445.0	3700.0	11959.0	8714.0	1449.0	15582.0	20747.0	10707.0	11934.0	9777.0	1179.0	1711.0	962.0	6548.0
sub-26	1890.0	2274.0	5003.0	3032.0	1500.0	7252.0	17065.0	9892.0	2122.0	11617.0	7633.0	6342.0	4997.0	11819.0	1813.0	3972.0	3856.0	2911.0	3481.0	1701.0	8582.0	3063.0	13435.0	9715.0	2294.0	14623.0	22835.0	10814.0	12121.0	7954.0	1143.0	1754.0	790.0	6747.0
sub-27	2382.0	3610.0	6535.0	2759.0	1846.0	9908.0	12164.0	9942.0	2415.0	10844.0	8502.0	8398.0	6701.0	12741.0	1956.0	4713.0	3729.0	3352.0	4530.0	1850.0	9343.0	4499.0	14252.0	10392.0	2994.0	18469.0	22498.0	12292.0	12815.0	11352.0	1431.0	2056.0	966.0	7967.0
sub-28	2281.0	2164.0	5951.0	4010.0	1866.0	11658.0	15430.0	10897.0	3643.0	13027.0	7750.0	8934.0	6754.0	12245.0	2530.0	3368.0	5120.0	2860.0	4506.0	2730.0	8920.0	3362.0	13588.0	10775.0	1793.0	18949.0	22808.0	13628.0	13180.0	11015.0	1391.0	2138.0	1110.0	6785.0
sub-29	1884.0	2942.0	7056.0	2824.0	2213.0	10582.0	16754.0	8148.0	2911.0	10941.0	8280.0	7010.0	5943.0	11201.0	2224.0	4188.0	4429.0	3551.0	5128.0	1901.0	7460.0	3428.0	12574.0	10370.0	2717.0	16247.0	23138.0	14019.0	11268.0	8803.0	1348.0	2546.0	850.0	7408.0
sub-30	1544.0	1443.0	4793.0	3223.0	1586.0	7446.0	9901.0	7606.0	2091.0	12341.0	6692.0	7031.0	4538.0	9988.0	1642.0	2612.0	3030.0	2551.0	3354.0	1896.0	7390.0	2065.0	10170.0	7035.0	1117.0	12170.0	15950.0	8317.0	10184.0	6464.0	689.0	2314.0	885.0	5946.0
sub-31	1813.0	1779.0	7251.0	2797.0	1924.0	9289.0	14590.0	9827.0	2467.0	11001.0	7873.0	5828.0	6544.0	10581.0	2446.0	3881.0	4012.0	3025.0	3945.0	1721.0	10406.0	2697.0	14650.0	10359.0	1414.0	15723.0	22460.0	11980.0	13212.0	10397.0	1521.0	2762.0	914.0	6454.0
