onset	duration	sub_id	trial_type	smid_id
7.933875099999568	2.170887700000094	sub-30	cross	b13_p229_13
10.104762799999662	7.212533700000677	sub-30	stimulus	b13_p229_13
17.31729650000034	4.334207899999456	sub-30	decision	b13_p229_13
21.651504399999794	2.1661082000002807	sub-30	cross	b15_p349_15
23.817612600000075	7.200791799999706	sub-30	stimulus	b15_p349_15
31.01840439999978	4.334049799999775	sub-30	decision	b15_p349_15
35.35245419999956	2.170746400000098	sub-30	cross	b4_p58_16
37.523200599999655	7.212637100000393	sub-30	stimulus	b4_p58_16
44.73583770000005	4.334220300000425	sub-30	decision	b4_p58_16
49.07005800000047	2.1673644999998487	sub-30	cross	b15_p297_10
51.23742250000032	7.199570500000164	sub-30	stimulus	b15_p297_10
58.43699300000048	4.333997299999055	sub-30	decision	b15_p297_10
62.77099029999954	2.165443700000651	sub-30	cross	b999_p490_14
64.93643400000019	7.201304700000037	sub-30	stimulus	b999_p490_14
72.13773870000023	4.334197000000131	sub-30	decision	b999_p490_14
76.47193570000036	2.166074299999309	sub-30	cross	b15_p473_18
78.63800999999967	7.200708200000008	sub-30	stimulus	b15_p473_18
85.83871819999968	4.319811799999798	sub-30	decision	b15_p473_18
90.15852999999947	2.1629449000004115	sub-30	cross	b14_p268_7
92.32147489999988	7.218663599999672	sub-30	stimulus	b14_p268_7
99.54013849999956	4.333710900000369	sub-30	decision	b14_p268_7
103.87384939999993	2.170589000000291	sub-30	cross	b11_p164_19
106.04443840000022	7.212882899999386	sub-30	stimulus	b11_p164_19
113.2573212999996	4.334154800000761	sub-30	decision	b11_p164_19
117.59147610000036	2.1658761999997296	sub-30	cross	b10_p127_20
119.7573523000001	7.200797899999998	sub-30	stimulus	b10_p127_20
126.95815020000008	4.334235499999522	sub-30	decision	b10_p127_20
131.2923856999996	2.166852100000142	sub-30	cross	b15_p467_16
133.45923779999976	7.200137700000596	sub-30	stimulus	b15_p467_16
140.65937550000035	4.334012799999982	sub-30	decision	b15_p467_16
144.99338830000033	2.172758099999556	sub-30	cross	b999_p484_7
147.1661463999999	7.210769899999605	sub-30	stimulus	b999_p484_7
154.3769162999995	4.333973500000184	sub-30	decision	b999_p484_7
158.71088979999968	2.16615929999989	sub-30	cross	b14_p259_11
160.87704909999957	7.20065169999998	sub-30	stimulus	b14_p259_11
168.07770079999955	4.334164700000656	sub-30	decision	b14_p259_11
172.4118655000002	2.165401999999858	sub-30	cross	b10_p146_17
174.57726750000006	7.201374899999564	sub-30	stimulus	b10_p146_17
181.77864239999963	4.334118399999852	sub-30	decision	b10_p146_17
186.11276079999948	2.166887500000712	sub-30	cross	b2_p18_17
188.2796483000002	7.203397799999948	sub-30	stimulus	b2_p18_17
195.4830461000001	4.330753100000038	sub-30	decision	b2_p18_17
199.81379920000012	2.1668297999995048	sub-30	cross	b2_p33_20
201.98062899999968	7.203865200000109	sub-30	stimulus	b2_p33_20
209.1844941999998	4.330215300000418	sub-30	decision	b2_p33_20
213.5147095000002	2.1696164999993925	sub-30	cross	b14_p263_18
215.6843259999996	7.213409900000443	sub-30	stimulus	b14_p263_18
222.89773590000004	4.33459479999965	sub-30	decision	b14_p263_18
227.2323306999997	2.171414299999924	sub-30	cross	b999_p478_2
229.4037449999996	7.212041200000385	sub-30	stimulus	b999_p478_2
236.6157862	4.334093100000473	sub-30	decision	b999_p478_2
240.94987930000048	2.166510099999414	sub-30	cross	b999_p492_7
243.1163893999999	7.200541900000189	sub-30	stimulus	b999_p492_7
250.31693130000008	4.336202099999809	sub-30	decision	b999_p492_7
254.6531333999999	2.1683119000001625	sub-30	cross	b10_p138_1
256.82144530000005	7.213042899999891	sub-30	stimulus	b10_p138_1
264.03448819999994	4.334096400000135	sub-30	decision	b10_p138_1
268.3685846000001	2.167409499999394	sub-30	cross	b15_p379_6
270.53599409999947	7.201512400000183	sub-30	stimulus	b15_p379_6
277.73750649999965	4.331947499999842	sub-30	decision	b15_p379_6
282.0694539999995	2.169566500000656	sub-30	cross	b11_p158_9
284.2390205000001	7.213754200000039	sub-30	stimulus	b11_p158_9
291.4527747000002	4.334243599999354	sub-30	decision	b11_p158_9
295.78701829999954	2.1670954000001075	sub-30	cross	b6_p89_18
297.95411369999965	7.1995058000002246	sub-30	stimulus	b6_p89_18
305.1536194999999	4.319919100000334	sub-30	decision	b6_p89_18
309.4735386000002	2.1701024999993024	sub-30	cross	b9_p121_9
311.6436410999995	7.211048400000436	sub-30	stimulus	b9_p121_9
318.85468949999995	4.334268599999632	sub-30	decision	b9_p121_9
323.1889580999996	2.1657947000003333	sub-30	cross	b8_p112_19
325.3547527999999	7.200835300000108	sub-30	stimulus	b8_p112_19
332.5555881	4.334244099999523	sub-30	decision	b8_p112_19
336.88983219999955	2.166906299999937	sub-30	cross	b4_p59_3
339.0567384999995	7.200089800000569	sub-30	stimulus	b4_p59_3
346.25682830000005	4.333950100000038	sub-30	decision	b4_p59_3
350.5907784000001	2.1659874999995736	sub-30	cross	b15_p313_14
352.75676589999966	7.200758400000268	sub-30	stimulus	b15_p313_14
359.95752429999993	4.334244399999989	sub-30	decision	b15_p313_14
364.2917686999999	2.166792799999712	sub-30	cross	b15_p461_7
366.4585614999996	7.200099399999999	sub-30	stimulus	b15_p461_7
373.6586608999996	4.334049500000447	sub-30	decision	b15_p461_7
377.9927104000001	2.1655012999997325	sub-30	cross	b13_p217_6
380.1582116999998	7.20122900000024	sub-30	stimulus	b13_p217_6
387.3594407000001	4.319745099999636	sub-30	decision	b13_p217_6
391.6791857999997	2.1682896000002074	sub-30	cross	b15_p415_6
393.8474753999999	7.21304070000042	sub-30	stimulus	b15_p415_6
401.0605161000003	4.334103399999776	sub-30	decision	b15_p415_6
405.3946195000001	2.172073100000261	sub-30	cross	b2_p22_7
407.5666926000004	7.211398299999928	sub-30	stimulus	b2_p22_7
414.7780909000003	4.334136099999341	sub-30	decision	b2_p22_7
